[
  {
    "Id": "673775",
    "ThreadId": "273104",
    "Html": "\r\n<p>I'm trying to use the CustomProject sample to understand how to build my own project extension.&nbsp; I keep encountering exceptions when debugging the CustomProject sample in the VS2010 Experimental instance:</p>\r\n<p>System.ArgumentException was unhandled by user code<br>\r\n&nbsp; Message=InvalidParameter<br>\r\nParameter name: index<br>\r\n&nbsp; Source=Microsoft.VisualStudio.Project.Samples.CustomProject<br>\r\n&nbsp; ParamName=index<br>\r\n&nbsp; StackTrace:<br>\r\n&nbsp;&nbsp;&nbsp;&nbsp;&nbsp;&nbsp; at Microsoft.VisualStudio.Project.Automation.OAProperties.Item(Object index) in C:\\data\\projects\\mpfproj10-51806\\Dev10\\Src\\CSharp\\\\Automation\\OAProperties.cs:line 177<br>\r\n&nbsp;&nbsp;&nbsp;&nbsp;&nbsp;&nbsp; at Microsoft.VisualStudio.Design.Toolbox.ProjectAutoToolboxManager.get_IsRemoteProject()<br>\r\n&nbsp; InnerException:</p>\r\n<p>The value of index in this context is &quot;WebSiteType&quot;.&nbsp; I've noticed this occurs in the following situations:</p>\r\n<ul>\r\n<li>After creating a new CustomProject and closing the solution </li><li>After creating a new CustomProject, selecting a project item in solution explorer, and clicking the Project menu\r\n</li></ul>\r\n<p>I am using VS2010 Ultimate SP1, VS2010 SDK SP1 and MPFProj10 51806.</p>\r\n<p>Any ideas or help would be very much appreciated.&nbsp; Thanks!</p>\r\n",
    "PostedDate": "2011-09-19T10:50:19.5-07:00",
    "UserRole": null,
    "MarkedAsAnswerDate": null
  },
  {
    "Id": "854014",
    "ThreadId": "273104",
    "Html": "<p>Any resolution to this? &nbsp;I am running into the same scenario.</p>\r\n<p>Thanks.</p>",
    "PostedDate": "2012-06-26T12:44:12.827-07:00",
    "UserRole": null,
    "MarkedAsAnswerDate": null
  },
  {
    "Id": "854044",
    "ThreadId": "273104",
    "Html": "<p>It's unclear from your question whether this is actually presenting a problem to you, or if it's just something you're wondering if it's a problem. &nbsp;</p>\r\n<p>This is actually expected behavior. &nbsp;The <a href=\"http://msdn.microsoft.com/en-us/library/envdte.properties.item.aspx\">MSDN documentation for this method</a> prescribes that any unsupported property throw an ArgumentException. &nbsp;So while it's not ideal that when the debugger is attached it can raise all these exceptions which look like errors when in fact they are not, it's by design, and you can ignore them.</p>",
    "PostedDate": "2012-06-26T13:41:08.42-07:00",
    "UserRole": null,
    "MarkedAsAnswerDate": null
  }
]