[
  {
    "Id": "441047",
    "ThreadId": "212139",
    "Html": "<p>I've created and maintained a developers' add-in for VS2005 and VS2008 for years, and it still works well with VS2010.&nbsp; However, I know that's a temporary accommodation, and that in the future I should rewrite it as a WPF-based add-in.</p>\r\n<p>So I've been looking for SDK samples to get me started, and can't come up with anything that shows how to add a new item to the main menu.&nbsp; I don't want to bury our add-in in the Tools menu, which seems to be a default, nor do I want to (only) put a new button in the main button bar.&nbsp; (Although a main menu item <em>and</em> a toolbar button would be fine.)</p>\r\n<p>Could someone please point me towards an example that will get me started with a WPF add-in that modifies the main menu?&nbsp; Thanks!</p>",
    "PostedDate": "2010-05-10T05:59:06.023-07:00",
    "UserRole": null,
    "MarkedAsAnswerDate": null
  }
]