[
  {
    "Id": "234172",
    "ThreadId": "68813",
    "Html": "<p>Error&nbsp;&nbsp; &nbsp;10&nbsp;&nbsp; &nbsp;The type or namespace name 'IVsBuildManagerAccessor' could not be found (are you missing a using directive or an assembly reference?)&nbsp;&nbsp; &nbsp;E:\\mpfproj\\10.0\\Src\\CSharp\\ProjectNode.cs&nbsp;&nbsp; &nbsp;3083&nbsp;&nbsp; &nbsp;13&nbsp;&nbsp; &nbsp;Microsoft.VisualStudio.Project</p>\r\n<p>Error&nbsp;&nbsp; &nbsp;11&nbsp;&nbsp; &nbsp;The type or namespace name 'SVsBuildManagerAccessor' could not be found (are you missing a using directive or an assembly reference?)&nbsp;&nbsp; &nbsp;E:\\mpfproj\\10.0\\Src\\CSharp\\ProjectNode.cs&nbsp;&nbsp; &nbsp;3083&nbsp;&nbsp; &nbsp;76&nbsp;&nbsp; &nbsp;Microsoft.VisualStudio.Project</p>",
    "PostedDate": "2009-09-13T22:31:52.717-07:00",
    "UserRole": null,
    "MarkedAsAnswerDate": null
  },
  {
    "Id": "275987",
    "ThreadId": "68813",
    "Html": "<p>This should be addressed in the Beta 2 update that was just posted.</p>",
    "PostedDate": "2010-01-11T20:25:24.71-08:00",
    "UserRole": null,
    "MarkedAsAnswerDate": null
  }
]