[
  {
    "Id": "560591",
    "ThreadId": "244605",
    "Html": "<p>When you integrate a button in the IDE, e.g., in the context menu of the project, how do you determine the selected projectnode in the MenuItemCallback method? I am using a static List&lt;ProjectNode&gt; in the ProjectPackage and do some string compare with the properties I can extract from the the IVsHierarchy com object. Seems stupid, so is there a better way?</p>\n<p>[openProjects is a static list maintained by the ProjectNode class, the following code is within my ProjectPackage]</p>\n<p><br />private void MenuItemCallback(object sender, EventArgs e)<br />{<br />&nbsp;&nbsp;&nbsp; OleMenuCommand menuCommand = sender as OleMenuCommand;<br /><br />&nbsp;&nbsp;&nbsp; if (menuCommand != null)<br />&nbsp;&nbsp;&nbsp; {<br />&nbsp;&nbsp;&nbsp; &nbsp;&nbsp;&nbsp; IntPtr hierarchyPtr, selectionContainerPtr;<br />&nbsp;&nbsp;&nbsp; &nbsp;&nbsp;&nbsp; uint projectItemId;<br />&nbsp;&nbsp;&nbsp; &nbsp;&nbsp;&nbsp; IVsMultiItemSelect mis;<br />&nbsp;&nbsp;&nbsp; &nbsp;&nbsp;&nbsp; IVsMonitorSelection monitorSelection = (IVsMonitorSelection)Package.GetGlobalService(typeof(SVsShellMonitorSelection));<br />&nbsp;&nbsp;&nbsp; &nbsp;&nbsp;&nbsp; monitorSelection.GetCurrentSelection(out hierarchyPtr, out projectItemId, out mis, out selectionContainerPtr);<br />&nbsp;&nbsp;&nbsp; &nbsp;&nbsp;&nbsp; IVsHierarchy hierarchy = Marshal.GetTypedObjectForIUnknown(hierarchyPtr, typeof(IVsHierarchy)) as IVsHierarchy;<br /><br />&nbsp;&nbsp;&nbsp; &nbsp;&nbsp;&nbsp; if (hierarchy != null)<br />&nbsp;&nbsp;&nbsp; &nbsp;&nbsp;&nbsp; {<br />&nbsp;&nbsp;&nbsp; &nbsp;&nbsp;&nbsp; &nbsp;&nbsp;&nbsp; object projName;<br />&nbsp;&nbsp;&nbsp; &nbsp;&nbsp;&nbsp; &nbsp;&nbsp;&nbsp; hierarchy.GetProperty(projectItemId, (int)__VSHPROPID.VSHPROPID_ProjectName, out projName);<br />&nbsp;&nbsp;&nbsp; &nbsp;&nbsp;&nbsp; &nbsp;&nbsp;&nbsp; object projPath;<br />&nbsp;&nbsp;&nbsp; &nbsp;&nbsp;&nbsp; &nbsp;&nbsp;&nbsp; hierarchy.GetProperty(projectItemId, (int)__VSHPROPID.VSHPROPID_ProjectDir, out projPath);<br />&nbsp;&nbsp;&nbsp; &nbsp;&nbsp;&nbsp; &nbsp;&nbsp;&nbsp; String IVPath = Path.Combine((String) projPath, (String) projName + \".myextension\");<br />&nbsp;&nbsp;&nbsp; &nbsp;&nbsp;&nbsp; &nbsp;&nbsp;&nbsp; foreach(MyProjectNode hpn in openProjects) {<br />&nbsp;&nbsp;&nbsp; &nbsp;&nbsp;&nbsp; &nbsp;&nbsp;&nbsp; &nbsp;&nbsp;&nbsp; if (hpn.Url.Equals(IVPath, StringComparison.InvariantCultureIgnoreCase))<br />&nbsp;&nbsp;&nbsp; &nbsp;&nbsp;&nbsp; &nbsp;&nbsp;&nbsp; &nbsp;&nbsp;&nbsp; {<br />&nbsp;&nbsp;&nbsp; &nbsp;&nbsp;&nbsp; &nbsp;&nbsp;&nbsp; &nbsp;&nbsp;&nbsp; &nbsp;&nbsp;&nbsp; // do something with the selected node<br />&nbsp;&nbsp;&nbsp; &nbsp;&nbsp;&nbsp; &nbsp;&nbsp;&nbsp; &nbsp;&nbsp;&nbsp; }<br />&nbsp;&nbsp;&nbsp; &nbsp;&nbsp;&nbsp; &nbsp;&nbsp;&nbsp; }<br />&nbsp;&nbsp;&nbsp; &nbsp;&nbsp;&nbsp; }<br />&nbsp;&nbsp;&nbsp; }<br />}</p>",
    "PostedDate": "2011-02-04T00:26:57.217-08:00",
    "UserRole": null,
    "MarkedAsAnswerDate": null
  },
  {
    "Id": "566470",
    "ThreadId": "244605",
    "Html": "<p>Okay, I see that the code in ProjectNode::GetSelectedNodes() does the trick and is much nicer. Still it requires a static variable to access a projectNode. Any better way than that?</p>",
    "PostedDate": "2011-02-15T06:29:54.483-08:00",
    "UserRole": null,
    "MarkedAsAnswerDate": null
  }
]