[
  {
    "Id": "1003502",
    "ThreadId": "433689",
    "Html": "Hi,\r<br />\n<br />\nI maintain a VS plugin, with associated debug engine written using the MPF.\r<br />\n<br />\nI have just implemented a disassembler module for it, but when selecting a disassembler window I get the following Exception:\r<br />\n<br />\nAn unhandled exception is about to terminate the process.  Exception info:\r<br />\nSystem.Reflection.TargetInvocationException: Exception has been thrown by the target of an invocation. ---&gt; System.InvalidCastException: Unable to cast object of type 'MyCoLtd.MyPackage.CodeContext' to type 'Microsoft.VisualStudio.Debugger.Interop.IDebugCodeContext2'.\r<br />\n   at System.StubHelpers.InterfaceMarshaler.ConvertToManaged(IntPtr pUnk, IntPtr itfMT, IntPtr classMT, Int32 flags)\r<br />\n   at Microsoft.VisualStudio.Debugger.Interop.Internal.IDebuggerInternal.get_CurrentCodeContext()\r<br />\n   at Microsoft.VisualStudio.Debugger.Utilities.Debugger.DebuggerProperties.get_CurrentCodeContext()\r<br />\n   at Microsoft.VisualStudio.Debugger.DebuggerToolWindows.DisassemblyWindow.Control.OnVisibleChanged(Boolean value)\r<br />\n   at Microsoft.VisualStudio.Debugger.DebuggerToolWindows.DisassemblyWindow.Control.set_Visible(Boolean value)\r<br />\n   at Microsoft.VisualStudio.Debugger.DebuggerToolWindows.DisassemblyWindow.ToolWindow.OnShow(Int32 fShow)\r<br />\n   at Microsoft.VisualStudio.Platform.WindowManagement.WindowFrame.NotifyOnShow(Int32 frameShow)\r<br />\n   at Microsoft.VisualStudio.Platform.WindowManagement.WindowFrame.OnContentShowing(View view)\r<br />\n   at Microsoft.VisualStudio.Platform.WindowManagement.WindowManagerService.OnViewContentShowing(Object sender, ViewEventArgs args)\r<br />\n<br />\nThe C# code for the class that VS fails to cast is:<br />\n<pre><code>    [ComVisible(true)]\n    [Guid(GuidList.guidCodeContextString)]\n    public class CodeContext : Microsoft.VisualStudio.Debugger.Interop.IDebugCodeContext2, MemoryContext\n    {\n        /* implementation */\n    }</code></pre>\n\nGiven that the CodeContext class is used elsewhere without problem and it's not even reaching the new disassembler code, I'm somewhat stuck as to what to do.\r<br />\n<br />\nAny suggestions where the problem might be?\r<br />\n<br />\nThanks,\r<br />\n<br />\nSimon.<br />\n",
    "PostedDate": "2013-02-19T08:25:25.117-08:00",
    "UserRole": null,
    "MarkedAsAnswerDate": null
  }
]