[
  {
    "Id": "438725",
    "ThreadId": "211492",
    "Html": "<p>I'm getting a COM error in VSShellUtilities::GetUIHierarchyWindow</p>\r\n<p>&nbsp;ErrorHandler.ThrowOnFailure(shell.FindToolWindow(0, ref persistenceSlot, out frame));</p>\r\n<p>System.Runtime.InteropServices.COMException was unhandled by user code<br>&nbsp; Message=Error HRESULT E_FAIL has been returned from a call to a COM component.<br>&nbsp; Source=mscorlib<br>&nbsp; ErrorCode=-2147467259<br>&nbsp; StackTrace:<br>&nbsp;&nbsp;&nbsp;&nbsp;&nbsp;&nbsp; at System.Runtime.InteropServices.Marshal.ThrowExceptionForHRInternal(Int32 errorCode, IntPtr errorInfo)<br>&nbsp;&nbsp;&nbsp;&nbsp;&nbsp;&nbsp; at System.Runtime.InteropServices.Marshal.ThrowExceptionForHR(Int32 errorCode)<br>&nbsp;&nbsp;&nbsp;&nbsp;&nbsp;&nbsp; at Microsoft.VisualStudio.ErrorHandler.ThrowOnFailure(Int32 hr, Int32[] expectedHRFailure)<br>&nbsp;&nbsp;&nbsp;&nbsp;&nbsp;&nbsp; at Microsoft.VisualStudio.ErrorHandler.ThrowOnFailure(Int32 hr)<br>&nbsp;&nbsp;&nbsp;&nbsp;&nbsp;&nbsp; at Microsoft.VisualStudio.Project.UIHierarchyUtilities.GetUIHierarchyWindow(IServiceProvider serviceProvider, Guid persistenceSlot) in C:\\Users\\Phyx\\Documents\\VisualHaskell2010\\MPF\\Dev10\\Src\\CSharp\\VSShellUtilities.cs:line 54<br>&nbsp;&nbsp;&nbsp;&nbsp;&nbsp;&nbsp; at Microsoft.VisualStudio.Project.SolutionListenerForProjectOpen.OnAfterOpenProject(IVsHierarchy hierarchy, Int32 added) in C:\\Users\\Phyx\\Documents\\VisualHaskell2010\\MPF\\Dev10\\Src\\CSharp\\SolutionListenerForProjectOpen.cs:line 37<br>&nbsp; InnerException:</p>\r\n<p>&nbsp;Could this be because i'm overriding the buildengine in an efford to have a non-msbuild non-xml project?</p>",
    "PostedDate": "2010-05-04T02:30:12.633-07:00",
    "UserRole": null,
    "MarkedAsAnswerDate": null
  }
]