[
  {
    "Id": "271361",
    "ThreadId": "79253",
    "Html": "<p>Hi,</p>\r\n<p>Is <em>MPF for Projects</em> the best place to start implementing a project subtype for VS 2010 Beta 2?</p>\r\n<p>I can't find any instructional documentation on project subtyping, nor can I find videos or relevant forums posts.&nbsp; I've just downloaded MPF from here but it seems the documentation makes no reference at all to <em>subtyping</em>.</p>\r\n<p>If MPF is not the&nbsp;correct tool for creating project subtypes, then can you please recommend good starting resources?</p>\r\n<p>I've already found the following documentation but&nbsp;it doesn't appear to be updated for VS 2010 yet and also it seems to be geared more for C++ than for C#.&nbsp; Furthermore, it's not a <strong>guide </strong>- it's more like very high-level conceptual material.</p>\r\n<p><a href=\"http://msdn.microsoft.com/en-us/library/bb166488(VS.100).aspx\">http://msdn.microsoft.com/en-us/library/bb166488(VS.100).aspx</a></p>\r\n<p>The only sample of which I'm aware is for VS 2005:</p>\r\n<p><a href=\"http://msdn.microsoft.com/en-us/library/bb165055(VS.80).aspx\">http://msdn.microsoft.com/en-us/library/bb165055(VS.80).aspx</a></p>\r\n<p>What I'm looking for, just to start with, is the simplest way in VS 2010 to subtype the C# Class Library project.&nbsp; Then at least getting one of the following to work properly in VS 2010 would be a step in the right direction:</p>\r\n<ul>\r\n<li>Add a custom tab to the project <strong>Properties </strong>window, similar to <em>Code Contracts&nbsp;</em>and&nbsp;<em>Code Analysis </em>tabs.\r\n<ul>\r\n<li>Persist configuration-dependant settings in MSBuild.</li>\r\n</ul>\r\n</li>\r\n<li>Add additional MSBuild&nbsp;items and tasks to the project by referencing a custom .targets file.</li>\r\n<li>Add special project folders, similar to how the <strong>Properties </strong>folder has a unique icon and a special action when it's double-clicked.</li>\r\n<li>Control the items displayed in the <strong>Add Item </strong>dialog.</li>\r\n</ul>\r\n<p>Once I have a solution I may&nbsp;abstract it into a compiled assembly, if possible,&nbsp;so that&nbsp;making these types of extensions will be very easy for anyone attempting to do so in the future.&nbsp; For example, my goal is to be able to create a new package, reference some helper library, derive from&nbsp;a few required abstract classes, implement the necessary abstract members, implement any custom extensions using&nbsp;available services&nbsp;and/or DTE, add the appropriate attributes to the package and then build.&nbsp; (Yea, don't laugh :D - but I think that's the expectation of most devs when attempting to extend VS and it would be great if it was a reality for at least the most common tasks listed above.)</p>\r\n<p>Thanks, <br>Dave</p>",
    "PostedDate": "2009-12-29T01:04:25.18-08:00",
    "UserRole": null,
    "MarkedAsAnswerDate": null
  },
  {
    "Id": "425799",
    "ThreadId": "79253",
    "Html": "<p>Hi,</p>\r\n<p>I found the <strong>FlavoredProject</strong> class.</p>\r\n<p><a href=\"http://msdn.microsoft.com/en-us/library/microsoft.visualstudio.shell.flavor.flavoredproject(VS.100).aspx\">http://msdn.microsoft.com/en-us/library/microsoft.visualstudio.shell.flavor.flavoredproject(VS.100).aspx</a></p>\r\n<p>According to the docs, it represents&nbsp;&quot;a project that is a subtype or flavor of an inner project&quot;.&nbsp; Sounds like what I need.</p>\r\n<p>The MPF offers <strong>ProjectNode</strong>; however, it does not derive from <strong>FlavoredProject</strong>.&nbsp; Does this mean that project sub-typing isn't supported by the MPF or&nbsp;does <strong>ProjectNode </strong>replace <strong>FlavoredProject </strong>entirely?</p>\r\n<p>Basically, I just want to subtype a&nbsp;C# class library project.&nbsp; And if that works, I'd like to subtype a C# Web Application project.&nbsp; A push in the right direction would be great.</p>\r\n<p>Thanks, <br>Dave</p>",
    "PostedDate": "2010-03-30T23:46:22.687-07:00",
    "UserRole": null,
    "MarkedAsAnswerDate": null
  },
  {
    "Id": "426094",
    "ThreadId": "79253",
    "Html": "<p><span style=\"color:black;font-size:10pt\">Dear Dave,</span></p>\r\n<p><span style=\"color:black;font-size:10pt\">if I understand correctly, you like to create a project flavor rather than a new project system. MPFproj is mainly a sample that shows how to create a new project system. I suggest you to create a project flavor and then apply it to different projects (class library, WebApp, etc), please use the following documentation <a href=\"http://msdn.microsoft.com/en-us/library/bb166488(v=VS.100).aspx\"><span style=\"color:blue\">http://msdn.microsoft.com/en-us/library/bb166488(v=VS.100).aspx</span></a>.</span></p>\r\n<p>Thanks, <br>Selma</p>",
    "PostedDate": "2010-03-31T10:06:14.997-07:00",
    "UserRole": null,
    "MarkedAsAnswerDate": null
  },
  {
    "Id": "426152",
    "ThreadId": "79253",
    "Html": "<p>Hi Selma,</p>\r\n<p>Thanks for your response.</p>\r\n<p>Your understanding is correct.&nbsp; But the documentation that you cited is the same that I linked to in my original post.&nbsp; The problems with it are noted&nbsp;as well&nbsp;: )</p>\r\n<p>I guess there aren't any plans to provide an <em>MPF for Project Flavors </em>so that I can quickly create project subtypes using C#?</p>\r\n<p>Thanks, <br>Dave</p>",
    "PostedDate": "2010-03-31T13:01:16.3-07:00",
    "UserRole": null,
    "MarkedAsAnswerDate": null
  }
]