[
  {
    "Id": "253059",
    "ThreadId": "73984",
    "Html": "<p>When can we expect a version that includes updates to better support Beta 2?</p>\r\n<p>-Shaun</p>",
    "PostedDate": "2009-11-03T18:10:21.2-08:00",
    "UserRole": null,
    "MarkedAsAnswerDate": null
  },
  {
    "Id": "253847",
    "ThreadId": "73984",
    "Html": "<p>We are currently working on an update to MPF for Projects. This&nbsp;update is includes fixes that we know, including support for Visual Studio 2010 Beta2.&nbsp;As the updates become available, we&nbsp;plan to&nbsp;post them here.</p>\r\n<p><strong>Chuck England</strong><br>Visual Studio Platform<br>Program Manager - MSBuild</p>",
    "PostedDate": "2009-11-05T09:10:42.503-08:00",
    "UserRole": null,
    "MarkedAsAnswerDate": null
  },
  {
    "Id": "264371",
    "ThreadId": "73984",
    "Html": "<p>Chuck,</p>\r\n<p>it is now a month later. Is there any news on an updated version for Beta 2 ?</p>\r\n<p>Robert van der Hulst<br>GrafXSoft</p>",
    "PostedDate": "2009-12-07T00:55:55.33-08:00",
    "UserRole": null,
    "MarkedAsAnswerDate": null
  },
  {
    "Id": "264554",
    "ThreadId": "73984",
    "Html": "<p>Robert,</p>\r\n<p>I have heard that there is someone currently working on this. I believe that in the next couple of weeks or so, they should compelte the work. Having done it in the past,&nbsp;it will take some additional time after that for them to prepare and post the new build to the site.</p>\r\n<p><strong>Chuck England</strong><br>Visual Studio Platform<br>Program Manager - MSBuild</p>",
    "PostedDate": "2009-12-07T09:48:28.313-08:00",
    "UserRole": null,
    "MarkedAsAnswerDate": null
  },
  {
    "Id": "265989",
    "ThreadId": "73984",
    "Html": "<p>Any update on this please?</p>\r\n<p>&nbsp;</p>\r\n<p>Thanks</p>",
    "PostedDate": "2009-12-10T16:05:26.907-08:00",
    "UserRole": null,
    "MarkedAsAnswerDate": null
  },
  {
    "Id": "269511",
    "ThreadId": "73984",
    "Html": "<p>Any update on this would be nice.</p>",
    "PostedDate": "2009-12-21T01:31:08.963-08:00",
    "UserRole": null,
    "MarkedAsAnswerDate": null
  },
  {
    "Id": "269735",
    "ThreadId": "73984",
    "Html": "<p>Based on an email from the PM that is heading this up, it looks like a developer has been working on this.</p>\r\n<p>It looks like that work would be completed in time for an update around the first of February.</p>\r\n<p><strong>Chuck England</strong><br>Visual Studio Platform<br>Program Manager - MSBuild</p>",
    "PostedDate": "2009-12-21T16:14:47.15-08:00",
    "UserRole": null,
    "MarkedAsAnswerDate": null
  },
  {
    "Id": "269871",
    "ThreadId": "73984",
    "Html": "<p>Around the first of February ?<br>You must be kidding:</p>\r\n<p>- Ms expects us to use MPF for our VS enhancements (in our case a complete 3rd party language integration)<br>- Ms expects us to sim ship our product with VS2010<br>- MPF for Beta 2 is ready after the date on which we are supposed to send in our videos showing our product inside VS2010.</p>\r\n<p>So we will have to fix the issues in MPF ourselves (again).</p>\r\n<p>At this moment I am seeing the following issues with MPF on Beta 2:</p>\r\n<ul>\r\n<li>When compiling a&nbsp;project MsBuild never returns to MPF. We have fixed this by calling the asynchronous version and polling for IsComplete. I am not sure if this is a bug in Msbuild or MPF but it has cost me 4-5 days to locate the problem (I have even ported the Ironpython sample to VS2010 to see that it has the same problems)</li>\r\n<li>When you add a reference to a project, then the assemblypath is filled correctly. After closing the project and reopening it again the assemplypath is missing and the reference icons in the solution explorer are marked with a yellow exclamation mark</li>\r\n</ul>\r\n<p>I am <span style=\"text-decoration:underline\">very</span> disappointed.</p>\r\n<p>Some old issues with MPF (most of these we have solved ourselves in the past):</p>\r\n<li>MPF does not properly support drag and drop or cut and paste. </li>\r\n<li>MPF does not support linked files, nor 'Show all files'</li>\r\n<p>Robert van der Hulst<br>GrafXSoft</p>",
    "PostedDate": "2009-12-22T02:19:16.363-08:00",
    "UserRole": null,
    "MarkedAsAnswerDate": null
  },
  {
    "Id": "273006",
    "ThreadId": "73984",
    "Html": "<p>I would be happy if you could just post a fix to the issue robertvdh mentioned about executing MsBuild in a background thread. &nbsp;I've complained about this many times on the VSX forms and It's quite annoying to work around. &nbsp;</p>\r\n<p>See:&nbsp;<a href=\"http://social.msdn.microsoft.com/Forums/en-US/vsxprerelease/thread/d6e7896a-a447-4d41-ad8c-438a6e20ca62\">http://social.msdn.microsoft.com/Forums/en-US/vsxprerelease/thread/d6e7896a-a447-4d41-ad8c-438a6e20ca62</a></p>\r\n<p>-Shaun</p>\r\n<p>&nbsp;</p>\r\n<p>&nbsp;</p>",
    "PostedDate": "2010-01-04T11:14:28.99-08:00",
    "UserRole": null,
    "MarkedAsAnswerDate": null
  },
  {
    "Id": "275986",
    "ThreadId": "73984",
    "Html": "<p>The Beta 2 Version is now available for download.</p>\r\n<p>(Salec, the fix you are looking for has been addressed in this release.)</p>",
    "PostedDate": "2010-01-11T20:24:23.533-08:00",
    "UserRole": null,
    "MarkedAsAnswerDate": null
  },
  {
    "Id": "275989",
    "ThreadId": "73984",
    "Html": "<p>Woot! &nbsp;Thanks a bunch!!</p>",
    "PostedDate": "2010-01-11T20:30:53.073-08:00",
    "UserRole": null,
    "MarkedAsAnswerDate": null
  },
  {
    "Id": "276743",
    "ThreadId": "73984",
    "Html": "<p>After fixing some minor bugs (I posted them in the issues list), I can verify that this did in fact fix my logging bug from the previous version :)</p>",
    "PostedDate": "2010-01-13T09:02:48.353-08:00",
    "UserRole": null,
    "MarkedAsAnswerDate": null
  },
  {
    "Id": "278413",
    "ThreadId": "73984",
    "Html": "<blockquote style=\"border:solid .1em #ccc;font-style:italic;margin:.25em 1em 0 1em;padding:0 .25em 0 .25em\"><strong>chuckeng wrote:</strong><br>\r\n<p>The Beta 2 Version is now available for download.</p>\r\n<p>(Salec, the fix you are looking for has been addressed in this release.)</p>\r\n</blockquote>\r\n<p>Chuck,</p>\r\n<p>how are we supposed to use this version of&nbsp;MPF? <br>I can see two options:</p>\r\n<ol>\r\n<li>As 'stand alone project'. </li>\r\n<li>Include it in our own project system.</li>\r\n</ol>\r\n<p>From looking at the code, it seems you prefer us to use it as stand alone project, because the new files (such as UIThread.cs and BuildStatus.cs) have only been included in the csproj file and not in projectbase.files or any of the other import files.<br>However the 'old' samples from the VS 2008 SDK (such as the Iron Python VS Integration) are using importing MPF though ProjectBase.Files. <br>We have build our own project system in the same way (using the projectbase.files).</p>\r\n<p>I tried to use the 'stand alone project' approach, but that failed because of a lot of the properties and classes that we used (and that are also used in the Iron Python sample) have a visibility of 'protected internal' and cannot be used from another assembly.<br>I will switch back to the 'import MPF' approach and will let you know what my experiences are.</p>\r\n<p>&nbsp;</p>\r\n<p>Robert</p>",
    "PostedDate": "2010-01-18T01:08:57.107-08:00",
    "UserRole": null,
    "MarkedAsAnswerDate": null
  },
  {
    "Id": "278553",
    "ThreadId": "73984",
    "Html": "<p>Robert,</p>\r\n<p>Please see my posts on the issues section, &nbsp;I posted a ProjectFiles.base that includes the extra files. &nbsp;My guess is it's just a minor bug that slipped through the cracks :) &nbsp;After applying the 2 fixes, I was able to use the beta 2 version of MPF immediately without any extra changes to code on my end.</p>\r\n<p>-Shaun</p>",
    "PostedDate": "2010-01-18T08:36:49.223-08:00",
    "UserRole": null,
    "MarkedAsAnswerDate": null
  },
  {
    "Id": "280782",
    "ThreadId": "73984",
    "Html": "<p>I believe that this has been fixed in the internal drop. We are currently working to provide another release to support drops after Beta 2.</p>\r\n<p>It should be available soon, but I can't say when at this point.</p>\r\n<p>Chuck England<br>Visual Studio Platform<br>Program Manager - MSBuild</p>",
    "PostedDate": "2010-01-22T16:04:56.937-08:00",
    "UserRole": null,
    "MarkedAsAnswerDate": null
  }
]