[
  {
    "Id": "1069361",
    "ThreadId": "450286",
    "Html": "Any future versions ? roadmap ? VS2012 ? VS2013 ?<br />\n",
    "PostedDate": "2013-07-16T23:10:02.683-07:00",
    "UserRole": null,
    "MarkedAsAnswerDate": null
  },
  {
    "Id": "1069561",
    "ThreadId": "450286",
    "Html": "See <a href=\"https://mpfproj11.codeplex.com/\" rel=\"nofollow\">https://mpfproj11.codeplex.com/</a> for the VS 2012 version.  If you have or will create property pages for your project see this work item for a required fix: <a href=\"https://mpfproj11.codeplex.com/workitem/1227\" rel=\"nofollow\">https://mpfproj11.codeplex.com/workitem/1227</a><br />\n<br />\nMy guess is that the VS 2012 MPF code will work for VS 2013 as well.  I do know you can merge the source code changes into the VS 2010 MPF project code and get a version that works in both VS 2010 and VS 2012.  I did that with my project to fix a problem caused by the multithreaded parts of VS 2012 so that I could maintain a single code base that works in both versions.<br />\n<br />\nEric<br />\n",
    "PostedDate": "2013-07-17T07:57:23.277-07:00",
    "UserRole": null,
    "MarkedAsAnswerDate": null
  }
]