[
  {
    "Id": "440978",
    "ThreadId": "212118",
    "Html": "<p>I follow the msdn tutorial <a href=\"http://msdn.microsoft.com/en-us/library/cc512961.aspx\">http://msdn.microsoft.com/en-us/library/cc512961.aspx</a>, but I can't find some elements in the xml of the simpleproject&nbsp;.</p>\r\n<p>For example &quot;&lt;RegisterWithCodebase&gt;true&lt;/RegisterWithCodebase&gt;&quot;<br>&nbsp;&nbsp;&nbsp;&nbsp;&nbsp;&nbsp;&nbsp;&nbsp;&nbsp;&nbsp;&nbsp;&nbsp;&nbsp;&nbsp;&nbsp;&nbsp;&nbsp;&nbsp; &quot;&lt;ProjectBasePath&gt;C:\\MyLocalFolder\\Project&lt;/ProjectBasePath&gt;&quot;</p>\r\n<p>How large the Microsoft Company is!</p>\r\n<p>But how stupid the thing above is!</p>\r\n<p>What a pity!</p>",
    "PostedDate": "2010-05-10T01:04:43.61-07:00",
    "UserRole": null,
    "MarkedAsAnswerDate": null
  },
  {
    "Id": "441198",
    "ThreadId": "212118",
    "Html": "<p>Dear JL,<br>You can file bugs at <a href=\"https://connect.microsoft.com/\">https://connect.microsoft.com/</a> for specific issues, and your&nbsp;suggestions for walktroughs at MSDN and Visual Studio.</p>\r\n<p>For this specific tutorial, it expects the user to add this snippet, not modify it.<br>&gt; In the XML editor, add the following ProjectBasePath element after the RegisterWithCodebase element. Do not break the line that contains the ProjectBasePath element.<br>true<br>&lt;RegisterWithCodebase&gt;true&lt;/RegisterWithCodebase&gt;<br>&lt;ProjectBasePath&gt;C:\\MyLocalFolder\\Project&lt;/ProjectBasePath&gt;<br><br>So it is fine that you cannot find the element.<br>Regards,<br>Selma</p>\r\n<p>&nbsp;</p>",
    "PostedDate": "2010-05-10T12:58:47.643-07:00",
    "UserRole": null,
    "MarkedAsAnswerDate": null
  },
  {
    "Id": "441644",
    "ThreadId": "212118",
    "Html": "<p>You can't find them because you're supposed to add them to your project file e.g.</p>\r\n<div style=\"color:black;background-color:white\">\r\n<pre>  <span style=\"color:blue\">&lt;</span><span style=\"color:#a31515\">PropertyGroup</span><span style=\"color:blue\">&gt;</span>\r\n    <span style=\"color:blue\">&lt;</span><span style=\"color:#a31515\">RegisterOutputPackage</span><span style=\"color:blue\">&gt;</span>true<span style=\"color:blue\">&lt;/</span><span style=\"color:#a31515\">RegisterOutputPackage</span><span style=\"color:blue\">&gt;</span>\r\n    <span style=\"color:blue\">&lt;</span><span style=\"color:#a31515\">RegisterWithCodebase</span><span style=\"color:blue\">&gt;</span>true<span style=\"color:blue\">&lt;/</span><span style=\"color:#a31515\">RegisterWithCodebase</span><span style=\"color:blue\">&gt;</span>\r\n    <span style=\"color:blue\">&lt;</span><span style=\"color:#a31515\">ProjectBasePath</span><span style=\"color:blue\">&gt;</span>..\\..\\MPF\\Dev10\\Src\\CSharp<span style=\"color:blue\">&lt;/</span><span style=\"color:#a31515\">ProjectBasePath</span><span style=\"color:blue\">&gt;</span>\r\n  <span style=\"color:blue\">&lt;/</span><span style=\"color:#a31515\">PropertyGroup</span><span style=\"color:blue\">&gt;</span>\r\n</pre>\r\n<pre>the instruction was pretty clear:</pre>\r\n<pre>&quot;In the XML editor, add the following <strong>ProjectBasePath</strong> element after the <strong>RegisterWithCodebase</strong> element. Do not break the line that contains the <strong>ProjectBasePath</strong> element.&quot;</pre>\r\n</div>",
    "PostedDate": "2010-05-11T11:23:50.52-07:00",
    "UserRole": null,
    "MarkedAsAnswerDate": null
  },
  {
    "Id": "441760",
    "ThreadId": "212118",
    "Html": "<p>First,<span id=\"result_box\"><span style=\"background-color:#fff;color:#000\">Thank you for your answer</span></span></p>\r\n<p><span><span style=\"background-color:#fff;color:#000\">I think that the two elements should be <span id=\"result_box\"><span style=\"background-color:#fff;color:#000\">Intelligent ,</span></span></span></span></p>\r\n<p><span><span style=\"background-color:#fff;color:#000\"><span><span style=\"background-color:#fff;color:#000\">o<span id=\"result_box\"><span style=\"background-color:#fff;color:#000\">therwise developers would be illusory</span></span></span></span></span></span></p>\r\n<p><span><span style=\"background-color:#fff;color:#000\"><span><span style=\"background-color:#fff;color:#000\"><span><span style=\"background-color:#fff;color:#000\">&nbsp;</span></span></span></span></span></span></p>",
    "PostedDate": "2010-05-11T18:50:09.177-07:00",
    "UserRole": null,
    "MarkedAsAnswerDate": null
  },
  {
    "Id": "459150",
    "ThreadId": "212118",
    "Html": "<p>Although his comment is non-constructive,&nbsp;jl99000 is correct.</p>\r\n<p>After I follow the tutorial (<a href=\"http://msdn.microsoft.com/en-us/library/cc512961.aspx\">http://msdn.microsoft.com/en-us/library/cc512961.aspx</a>) I get the following error: '<em>The name 'UIThread' does not exist in the current context</em>'. &nbsp;I'm using the latest version (Visual Studio 2010 - Post Beta 2 Release,&nbsp;<span id=releaseListReleaseDateStable0>Jan 26 2010</span>, Beta).</p>\r\n<p>However, adding these lines to the '<em>ProjectBase.files</em>' file fixed the problem for me...</p>\r\n<p>\r\n<div style=\"color:black;background-color:white\">\r\n<pre><span style=\"color:blue\">&lt;</span><span style=\"color:#a31515\">Compile</span> <span style=\"color:red\">Include</span><span style=\"color:blue\">=</span><span style=\"color:black\">&quot;</span><span style=\"color:blue\">$(ProjectBasePath)\\UIThread.cs</span><span style=\"color:black\">&quot;</span><span style=\"color:blue\">&gt;</span>\r\n  <span style=\"color:blue\">&lt;</span><span style=\"color:#a31515\">Link</span><span style=\"color:blue\">&gt;</span>ProjectBase\\UIThread.cs<span style=\"color:blue\">&lt;/</span><span style=\"color:#a31515\">Link</span><span style=\"color:blue\">&gt;</span>\r\n  <span style=\"color:blue\">&lt;</span><span style=\"color:#a31515\">Visible</span><span style=\"color:blue\">&gt;</span>true<span style=\"color:blue\">&lt;/</span><span style=\"color:#a31515\">Visible</span><span style=\"color:blue\">&gt;</span>\r\n<span style=\"color:blue\">&lt;/</span><span style=\"color:#a31515\">Compile</span><span style=\"color:blue\">&gt;</span>\r\n</pre>\r\n</div>\r\n</p>",
    "PostedDate": "2010-06-23T14:23:40.033-07:00",
    "UserRole": null,
    "MarkedAsAnswerDate": null
  },
  {
    "Id": "463129",
    "ThreadId": "212118",
    "Html": "<blockquote style=\"border:solid .1em #ccc;font-style:italic;margin:.25em 1em 0 1em;padding:0 .25em 0 .25em\"><strong>jvk wrote:</strong><br>\r\n<p>Although his comment is non-constructive,&nbsp;jl99000 is correct.</p>\r\n<p>After I follow the tutorial (<a href=\"http://msdn.microsoft.com/en-us/library/cc512961.aspx\">http://msdn.microsoft.com/en-us/library/cc512961.aspx</a>) I get the following error: '<em>The name 'UIThread' does not exist in the current context</em>'. &nbsp;I'm using the latest version (Visual Studio 2010 - Post Beta 2 Release,&nbsp;<span id=releaseListReleaseDateStable0>Jan 26 2010</span>, Beta).</p>\r\n<p>However, adding these lines to the '<em>ProjectBase.files</em>' file fixed the problem for me...</p>\r\n<p>&nbsp;</p>\r\n<div style=\"color:black;background-color:white\">\r\n<pre><span style=\"color:blue\">&lt;</span><span style=\"color:#a31515\">Compile</span> <span style=\"color:red\">Include</span><span style=\"color:blue\">=</span><span style=\"color:black\">&quot;</span><span style=\"color:blue\">$(ProjectBasePath)\\UIThread.cs</span><span style=\"color:black\">&quot;</span><span style=\"color:blue\">&gt;</span>\r\n  <span style=\"color:blue\">&lt;</span><span style=\"color:#a31515\">Link</span><span style=\"color:blue\">&gt;</span>ProjectBase\\UIThread.cs<span style=\"color:blue\">&lt;/</span><span style=\"color:#a31515\">Link</span><span style=\"color:blue\">&gt;</span>\r\n  <span style=\"color:blue\">&lt;</span><span style=\"color:#a31515\">Visible</span><span style=\"color:blue\">&gt;</span>true<span style=\"color:blue\">&lt;/</span><span style=\"color:#a31515\">Visible</span><span style=\"color:blue\">&gt;</span>\r\n<span style=\"color:blue\">&lt;/</span><span style=\"color:#a31515\">Compile</span><span style=\"color:blue\">&gt;</span>\r\n</pre>\r\n</div>\r\n<p>&nbsp;</p>\r\n</blockquote>\r\n<p>Sadly the Downloads section contains only MPF release for VS 2010 Beta although there is updated source code in Subversion that works with VS 2010 RTM (<a href=\"http://mpfproj10.codeplex.com/SourceControl/changeset/changes/50395\">r50395</a>).</p>",
    "PostedDate": "2010-07-03T13:29:58.347-07:00",
    "UserRole": null,
    "MarkedAsAnswerDate": null
  }
]