[
  {
    "Id": "522717",
    "ThreadId": "234896",
    "Html": "\r\n<p>Hello</p>\r\n<p>I am having an problem getting the OnToolboxUpgraded event to execute for our Package integration using MPF.</p>\r\n<p>We already have the product installed at client but now we need to send an update having problems updating the toolbox to reflect the new Toolbox items.</p>\r\n<p>I can open VS2010 and do an reset Toolbox and see the items but closing and opening VS2010, the new toolbox items are gone.</p>\r\n<p>Do I need to set some registry entry in order to get the toolbox to execute the OnToolboxUpgraded event?</p>\r\n<p>Thanks</p>\r\n",
    "PostedDate": "2010-11-16T07:33:52.07-08:00",
    "UserRole": null,
    "MarkedAsAnswerDate": null
  },
  {
    "Id": "522866",
    "ThreadId": "234896",
    "Html": "\r\n<p>Also forgot to mention, I did specify the ProvideToolboxItemsAttribute as follow</p>\r\n<p>[ProvideToolboxItems(4, NeedsCallBackAfterReset = true)]</p>\r\n<p>&nbsp;</p>\r\n<p>I also implemented the events and subscribed to them</p>\r\n",
    "PostedDate": "2010-11-16T11:33:59.197-08:00",
    "UserRole": null,
    "MarkedAsAnswerDate": null
  },
  {
    "Id": "523096",
    "ThreadId": "234896",
    "Html": "\r\n<p>Did some searching and found the follow:<br>\r\n<a title=\"Did some searching and found the follow: http://msdn.microsoft.com/en-us/library/microsoft.visualstudio.shell.interop.ivspackage.resetdefaults.aspx  According to this, updating the Default Items registry key like the install currently does should do the trick.  I tried implementing the following code:         int IVsPackage.ResetDefaults(uint grfFlags)         {             if (Zombied)                 Marshal.ThrowExceptionForHR(NativeMethods.E_UNEXPECTED);              if (grfFlags == (uint)__VSPKGRESETFLAGS.PKGRF_TOOLBOXITEMS)             {                 this.OnToolboxInitialized(this, EventArgs.Empty);             }             else if (grfFlags == (uint)__VSPKGRESETFLAGS.PKGRF_TOOLBOXSETUP)             {                this.OnToolboxUpgraded(this, EventArgs.Empty);             }              return NativeMethods.S_OK;          }   Doing an reset on the toolbox, this code gets executed, but changing the registry value and then devenv.exe /setup  seems to have no effect.\" href=\"\" target=\"_blank\">http://msdn.microsoft.com/en-us/library/microsoft.visualstudio.shell.interop.ivspackage.resetdefaults.aspx</a><br>\r\n<br>\r\nI tried implementing the following code:<br>\r\n&nbsp;&nbsp;&nbsp;&nbsp;&nbsp;&nbsp;&nbsp; int IVsPackage.ResetDefaults(uint grfFlags)<br>\r\n&nbsp;&nbsp;&nbsp;&nbsp;&nbsp;&nbsp;&nbsp; {<br>\r\n&nbsp;&nbsp;&nbsp;&nbsp;&nbsp;&nbsp;&nbsp;&nbsp;&nbsp;&nbsp;&nbsp; if (Zombied)<br>\r\n&nbsp;&nbsp;&nbsp;&nbsp;&nbsp;&nbsp;&nbsp;&nbsp;&nbsp;&nbsp;&nbsp;&nbsp;&nbsp;&nbsp;&nbsp; Marshal.ThrowExceptionForHR(NativeMethods.E_UNEXPECTED);<br>\r\n<br>\r\n&nbsp;&nbsp;&nbsp;&nbsp;&nbsp;&nbsp;&nbsp;&nbsp;&nbsp;&nbsp;&nbsp; if (grfFlags == (uint)__VSPKGRESETFLAGS.PKGRF_TOOLBOXITEMS)<br>\r\n&nbsp;&nbsp;&nbsp;&nbsp;&nbsp;&nbsp;&nbsp;&nbsp;&nbsp;&nbsp;&nbsp; {<br>\r\n&nbsp;&nbsp;&nbsp;&nbsp;&nbsp;&nbsp;&nbsp;&nbsp;&nbsp;&nbsp;&nbsp;&nbsp;&nbsp;&nbsp;&nbsp; this.OnToolboxInitialized(this, EventArgs.Empty);<br>\r\n&nbsp;&nbsp;&nbsp;&nbsp;&nbsp;&nbsp;&nbsp;&nbsp;&nbsp;&nbsp;&nbsp; }<br>\r\n&nbsp;&nbsp;&nbsp;&nbsp;&nbsp;&nbsp;&nbsp;&nbsp;&nbsp;&nbsp;&nbsp; else if (grfFlags == (uint)__VSPKGRESETFLAGS.PKGRF_TOOLBOXSETUP)<br>\r\n&nbsp;&nbsp;&nbsp;&nbsp;&nbsp;&nbsp;&nbsp;&nbsp;&nbsp;&nbsp;&nbsp; {<br>\r\n&nbsp;&nbsp;&nbsp;&nbsp;&nbsp;&nbsp;&nbsp;&nbsp;&nbsp;&nbsp;&nbsp;&nbsp;&nbsp;&nbsp; this.OnToolboxUpgraded(this, EventArgs.Empty);<br>\r\n&nbsp;&nbsp;&nbsp;&nbsp;&nbsp;&nbsp;&nbsp;&nbsp;&nbsp;&nbsp;&nbsp; }<br>\r\n<br>\r\n&nbsp;&nbsp;&nbsp;&nbsp;&nbsp;&nbsp;&nbsp;&nbsp;&nbsp;&nbsp;&nbsp; return NativeMethods.S_OK;<br>\r\n<br>\r\n&nbsp;&nbsp;&nbsp;&nbsp;&nbsp;&nbsp;&nbsp; } <br>\r\n<br>\r\nDoing an reset on the toolbox, this code gets executed, but changing the registry value and then devenv.exe /setup&nbsp; seems to have no effect.</p>\r\n<p>Any idea what I could possibly be missing?</p>\r\n",
    "PostedDate": "2010-11-17T01:04:29.497-08:00",
    "UserRole": null,
    "MarkedAsAnswerDate": null
  }
]