[
  {
    "Id": "1031797",
    "ThreadId": "440609",
    "Html": "Hi,\r<br />\nI've created standalone shell isolated based on VS 2010 SP1 and using MPF for project factory support.\r<br />\n<br />\nNow, when i open Code/Text editor i cannot change its content, i can Copy and Paste in another file outside of VS shell but not in the editor.\r<br />\n<br />\nAny thoughts?\r<br />\n<br />\nThanks<br />\n",
    "PostedDate": "2013-04-17T06:52:57.087-07:00",
    "UserRole": null,
    "MarkedAsAnswerDate": null
  }
]