[
  {
    "Id": "469875",
    "ThreadId": "220219",
    "Html": "Hi,\r\n\r\nI'm looking around how to add full intellisense support to the custom project type which is derived from the standard *.csproj like CustomProject. It seems that currently intellisense presents only mscorelib.dll members. How to register other assemblies referenced to the project with intellisense support within the project? I'm creating custom project type to override debugging behavior, but I'd like to have the same intellisense functionality as if it were *.csproj. I'll appreciate any help.",
    "PostedDate": "2010-07-20T12:58:29.987-07:00",
    "UserRole": null,
    "MarkedAsAnswerDate": null
  },
  {
    "Id": "471134",
    "ThreadId": "220219",
    "Html": "I have exactly the same problem, when I add a reference to my project type, the C# intellisense does not include the referenced dll.\r\nLooking for solutions to this problem.",
    "PostedDate": "2010-07-22T10:47:00.167-07:00",
    "UserRole": null,
    "MarkedAsAnswerDate": null
  }
]