[
  {
    "Id": "438690",
    "ThreadId": "211487",
    "Html": "If I understand correctly. I can't use this with a non-xml project file because this uses MSBuild which only supports an xml like project file?",
    "PostedDate": "2010-05-04T01:07:45.883-07:00",
    "UserRole": null,
    "MarkedAsAnswerDate": null
  },
  {
    "Id": "463128",
    "ThreadId": "211487",
    "Html": "<p>You can override ProjectNode.Reload() method to load you project from other then MSBuild XML file and also methods related to saving project file are virtual so you can create your own implementation.</p>",
    "PostedDate": "2010-07-03T13:12:56.737-07:00",
    "UserRole": null,
    "MarkedAsAnswerDate": null
  },
  {
    "Id": "463162",
    "ThreadId": "211487",
    "Html": "<p>Ok, I'll give that a go, At first glance it didn't seem that simple to me, but in particular it's not just that my build file isn't XML, it's that I want to use my own build system, I can provide the needed information back so that MPF can do the work of displaying them, for instance project hierachy etc. So i thought I Had to make my own ProjectNode and BuildEngine class.</p>",
    "PostedDate": "2010-07-03T15:54:55.547-07:00",
    "UserRole": null,
    "MarkedAsAnswerDate": null
  },
  {
    "Id": "472186",
    "ThreadId": "211487",
    "Html": "<p>I am trying to achieve the same thing, I have been struggling a little :P&nbsp;Admittedly&nbsp;I have only been trying for one day :) Are there any resources out there that I can refer to?&nbsp;</p>",
    "PostedDate": "2010-07-24T10:57:07.367-07:00",
    "UserRole": null,
    "MarkedAsAnswerDate": null
  },
  {
    "Id": "474778",
    "ThreadId": "211487",
    "Html": "<p>It turns out to not be that simple, The buildEngine.LoadProject blows up way before it ever gets to the ProjectNode.</p>\r\n<div id=\"_mcePaste\" style=\"width:1px;height:1px;overflow:hidden;top:0px;left:-10000px\">﻿</div>\r\n<p>So you also need to define a new BuildEngine aswell. which is what i'm trying now</p>",
    "PostedDate": "2010-07-30T08:24:07.73-07:00",
    "UserRole": null,
    "MarkedAsAnswerDate": null
  },
  {
    "Id": "474929",
    "ThreadId": "211487",
    "Html": "<p>I have had some time to tackle this again today, And I'm making alot of progress, But it's a but more difficult than just overriding Reload. At an earlier point (in some calls to MSBuild) the project format is attempted to be read. So that fails.</p>\r\n<p>The most difficult part was adding the project into the loadedprojects list, since this member is private, and the type of the list is also private. So some reflection was needed.</p>\r\n<p>You also need to shadow quite alot of other methods, but *shrug* I suppose it's still better than writing all this boilerplate code all by yourself.</p>",
    "PostedDate": "2010-07-30T15:52:10.77-07:00",
    "UserRole": null,
    "MarkedAsAnswerDate": null
  }
]