[
  {
    "Id": "443522",
    "ThreadId": "212810",
    "Html": "<p>I have implemented a custom project system.<br>When I copy a file and try to paste it in the same project, nothing happends.<br>What I want is to get a new file wich a name like&nbsp;&quot;Copy of XXXX&quot;.<br>Copying files from one project to another works well.</p>\r\n<p>What should I do to get this feature working?.</p>\r\n<p>Thank you very much.</p>",
    "PostedDate": "2010-05-16T14:23:34.1-07:00",
    "UserRole": null,
    "MarkedAsAnswerDate": null
  }
]