[
  {
    "Id": "745443",
    "ThreadId": "297466",
    "Html": "\r\n<p>Hi,</p>\r\n<p>I'm trying to create a custom project type (started from the CustomProject sample) and it appears that when NDepend is active right clicking a folder crashes Visual Studio. The exception is StackOverFlowException and what happens is that something is calling\r\n the Collection property of&nbsp;OAFolderItem and then Caption of the folder endlessly.</p>\r\n<p>Any idea where to start from in order to prevent this?</p>\r\n",
    "PostedDate": "2012-02-07T09:32:37.74-08:00",
    "UserRole": null,
    "MarkedAsAnswerDate": null
  }
]