[
  {
    "Id": "68813",
    "Title": "Error in ProjectNode.cs",
    "LatestDate": "2010-01-11T20:25:24.71-08:00"
  },
  {
    "Id": "73984",
    "Title": "Beta 2 version",
    "LatestDate": "2010-01-22T16:04:56.937-08:00"
  },
  {
    "Id": "79253",
    "Title": "Project Subtypes",
    "LatestDate": "2010-03-31T13:01:16.3-07:00"
  },
  {
    "Id": "81754",
    "Title": "IVsBuildManagerAccessor Changes",
    "LatestDate": "2010-01-22T16:01:47.36-08:00"
  },
  {
    "Id": "85680",
    "Title": "Using Post Beta release w/ RC1 of 2010 causes build problems",
    "LatestDate": "2010-03-30T06:04:25.52-07:00"
  },
  {
    "Id": "207187",
    "Title": "Visual Studio Survey: Help us understand your experiences working with MPFproj ",
    "LatestDate": "2010-10-10T07:15:41.807-07:00"
  },
  {
    "Id": "207771",
    "Title": "How can I get the standard Post- and Pre-build Event functionality in MPF based custom project type?",
    "LatestDate": "2010-03-30T05:21:11.893-07:00"
  },
  {
    "Id": "208316",
    "Title": "How to control entries in \"Build\" menu",
    "LatestDate": "2010-04-04T20:36:20.23-07:00"
  },
  {
    "Id": "211487",
    "Title": "MPF + non-xml project file",
    "LatestDate": "2010-07-30T15:52:10.77-07:00"
  },
  {
    "Id": "211492",
    "Title": "COMException",
    "LatestDate": "2010-05-04T02:30:12.633-07:00"
  },
  {
    "Id": "212118",
    "Title": "The Project Tutorials can't work",
    "LatestDate": "2010-07-03T13:29:58.347-07:00"
  },
  {
    "Id": "212139",
    "Title": "Inserting new Main Menu popup",
    "LatestDate": "2010-05-10T05:59:06.023-07:00"
  },
  {
    "Id": "212810",
    "Title": "Project item copy & paste not working",
    "LatestDate": "2010-05-16T14:23:34.1-07:00"
  },
  {
    "Id": "213081",
    "Title": "Debugging an MPF in VS 2010",
    "LatestDate": "2010-05-18T13:23:33.367-07:00"
  },
  {
    "Id": "220219",
    "Title": "Intellisense in custom project",
    "LatestDate": "2010-07-22T10:47:00.167-07:00"
  },
  {
    "Id": "229253",
    "Title": "EditorPane and ProjectNode",
    "LatestDate": "2010-10-01T01:17:24.087-07:00"
  },
  {
    "Id": "229445",
    "Title": "ProductUserContext - What for?",
    "LatestDate": "2010-10-03T03:43:03.73-07:00"
  },
  {
    "Id": "234896",
    "Title": "Performing an toolbox upgrade",
    "LatestDate": "2010-11-17T01:04:29.497-08:00"
  },
  {
    "Id": "244605",
    "Title": "How to access current ProjectNode",
    "LatestDate": "2011-02-15T06:29:54.483-08:00"
  },
  {
    "Id": "262734",
    "Title": "Support of \"Platform\" in the ProjectConfig",
    "LatestDate": "2011-06-24T15:02:57.22-07:00"
  },
  {
    "Id": "273104",
    "Title": "Exceptions debugging CustomProject Sample",
    "LatestDate": "2012-06-26T13:41:08.42-07:00"
  },
  {
    "Id": "283911",
    "Title": "IProjectionBuffer or IVsContainedLanguage usage",
    "LatestDate": "2011-12-22T07:50:23.74-08:00"
  },
  {
    "Id": "297466",
    "Title": "NDepend crashes the sample projects",
    "LatestDate": "2012-02-07T09:32:37.74-08:00"
  },
  {
    "Id": "389271",
    "Title": "Build project created by CustomProject sample throws Microsoft.Build.Exceptions.InvalidProjectFileException - Cannot evaluate the item metadata \"%(FullPath)\" - ErrorCode=MSB4023",
    "LatestDate": "2012-07-27T01:13:08.773-07:00"
  },
  {
    "Id": "433689",
    "Title": "DebugEngine  InvalidCastException.",
    "LatestDate": "2013-02-19T08:25:25.117-08:00"
  },
  {
    "Id": "440609",
    "Title": "VisualStudio Source Code (Text) editor cannot edit",
    "LatestDate": "2013-04-17T06:52:57.087-07:00"
  },
  {
    "Id": "450286",
    "Title": "Project is dead?",
    "LatestDate": "2013-07-17T07:57:23.277-07:00"
  }
]