[
  {
    "Id": "291831",
    "ThreadId": "85680",
    "Html": "<p>I cannot seem to succesfully complete a build of my custom project using the post release and the RC1 of 2010. &nbsp;</p>\r\n<p>The problem is &quot;BuildSubmission submission = BuildManager.DefaultBuildManager.PendBuildRequest(requestData);&quot; throws an exception stating that BeginBuild has not been called. &nbsp;Any ideas?</p>",
    "PostedDate": "2010-02-17T11:43:47.51-08:00",
    "UserRole": null,
    "MarkedAsAnswerDate": null
  },
  {
    "Id": "422063",
    "ThreadId": "85680",
    "Html": "<p>Repro but, this problem only happends to me the first time that I build the project.</p>\r\n<p>I have another problem related to builds. The build completes (succesfully or not) but Visual Studio never returns from building state.</p>\r\n<p>I am using 10.1. It seems that build system is complete broken in this release.</p>",
    "PostedDate": "2010-03-22T04:33:11.513-07:00",
    "UserRole": null,
    "MarkedAsAnswerDate": null
  },
  {
    "Id": "422103",
    "ThreadId": "85680",
    "Html": "<p>I eventually got it to build my custom project types with out a hitch but it required ugly hacks. &nbsp;With the release of 2010 just around the corner in April, I'm hoping they will post a new update a few days early to fix these issues but I wouldn't hold my breath on any fixes before then.</p>",
    "PostedDate": "2010-03-22T06:46:36.37-07:00",
    "UserRole": null,
    "MarkedAsAnswerDate": null
  },
  {
    "Id": "422163",
    "ThreadId": "85680",
    "Html": "<p>Can you tell me whether this problem repros for you with the original CustomProject sample that's included in the source distribution?&nbsp; Or is this only reproducible once you apply the updates to your own project systems?&nbsp; If only in your own, can you include a stack trace of the exception you're seeing?</p>",
    "PostedDate": "2010-03-22T09:08:19.797-07:00",
    "UserRole": null,
    "MarkedAsAnswerDate": null
  },
  {
    "Id": "422171",
    "ThreadId": "85680",
    "Html": "<p>The CustomProject sample work well.</p>\r\n<p>Here is the call stack, copied and pasted form VS, if you need more infomation please ask&nbsp;:</p>\r\n<p>[External Code]&nbsp;<br>&gt;&nbsp;PlainTools.COBOLizer.dll!Microsoft.VisualStudio.Project.ProjectNode.DoMSBuildSubmission(Microsoft.VisualStudio.Project.BuildKind buildKind, string target, System.Action&lt;Microsoft.VisualStudio.Project.MSBuildResult,string&gt; uiThreadCallback) Line 2926 + 0x1b bytes&nbsp;C#<br>&nbsp;&nbsp;PlainTools.COBOLizer.dll!Microsoft.VisualStudio.Project.ProjectNode.BuildAsync(uint vsopts, string config, Microsoft.VisualStudio.Shell.Interop.IVsOutputWindowPane output, string target, System.Action&lt;Microsoft.VisualStudio.Project.MSBuildResult,string&gt; uiThreadCallback) Line 1958 + 0x16 bytes&nbsp;C#<br>&nbsp;&nbsp;PlainTools.COBOLizer.dll!Microsoft.VisualStudio.Project.BuildableProjectConfig.Build(uint options, Microsoft.VisualStudio.Shell.Interop.IVsOutputWindowPane output, string target) Line 991 + 0xb4 bytes&nbsp;C#<br>&nbsp;&nbsp;PlainTools.COBOLizer.dll!Microsoft.VisualStudio.Project.BuildableProjectConfig.StartBuild(Microsoft.VisualStudio.Shell.Interop.IVsOutputWindowPane pane, uint options) Line 877 + 0x71 bytes&nbsp;C#<br>&nbsp;&nbsp;[External Code]&nbsp;</p>\r\n<p>In the output window:</p>\r\n<p><span style=\"font-family:Consolas;font-size:xx-small\"><span style=\"font-family:Consolas;font-size:xx-small\">\r\n<p>------ Build started: Project: COBOLizer83, Configuration: Debug x86 ------</p>\r\n<p>Unhandled Exception:The operation cannot be completed because BeginBuild has not yet been called.</p>\r\n<p>Error: The operation cannot be completed because BeginBuild has not yet been called.</p>\r\n<p>========== Build: 0 succeeded or up-to-date, 1 failed, 0 skipped ==========</p>\r\n</span></span></p>\r\n<p>&nbsp;</p>\r\n<p>The .proj file only contains the following:</p>\r\n<p>&nbsp;&lt;?xml version=&quot;1.0&quot; encoding=&quot;utf-8&quot;?&gt;<br>&lt;Project DefaultTargets=&quot;Build&quot; xmlns=&quot;<a href=\"http://schemas.microsoft.com/developer/msbuild/2003\">http://schemas.microsoft.com/developer/msbuild/2003</a>&quot;&gt;<br>&nbsp; &lt;PropertyGroup&gt;<br>&nbsp;&nbsp;&nbsp; &lt;Configuration Condition=&quot; '$(Configuration)' == '' &quot;&gt;Debug&lt;/Configuration&gt;<br>&nbsp;&nbsp;&nbsp; &lt;SchemaVersion&gt;2.0&lt;/SchemaVersion&gt;<br>&nbsp;&nbsp;&nbsp; &lt;ProjectGuid&gt;{210af0dd-0be1-47fb-9c6e-49e941d795f4}&lt;/ProjectGuid&gt;<br>&nbsp;&nbsp;&nbsp; &lt;AssemblyName&gt;COBOLizer83&lt;/AssemblyName&gt;<br>&nbsp;&nbsp;&nbsp; &lt;Name&gt;COBOLizer83&lt;/Name&gt;<br>&nbsp;&nbsp;&nbsp; &lt;RootNamespace&gt;COBOLizer83&lt;/RootNamespace&gt;<br>&nbsp; &lt;/PropertyGroup&gt;<br>&nbsp; &lt;PropertyGroup Condition=&quot; '$(Configuration)' == 'Debug' &quot;&gt;<br>&nbsp;&nbsp;&nbsp; &lt;OutputPath&gt;bin\\Debug\\&lt;/OutputPath&gt;<br>&nbsp; &lt;/PropertyGroup&gt;<br>&nbsp; &lt;PropertyGroup Condition=&quot; '$(Configuration)' == 'Release' &quot;&gt;<br>&nbsp;&nbsp;&nbsp; &lt;OutputPath&gt;bin\\Release\\&lt;/OutputPath&gt;<br>&nbsp; &lt;/PropertyGroup&gt;<br>&nbsp; <br>&nbsp; &lt;Target Name=&quot;Build&quot;&gt;<br>&nbsp;&nbsp;&nbsp; &lt;Message Text=&quot;Build launched...&quot; /&gt;<br>&nbsp; &lt;/Target&gt;<br>&lt;/Project&gt;</p>\r\n<p><br>Thank you very much.</p>",
    "PostedDate": "2010-03-22T09:45:22.633-07:00",
    "UserRole": null,
    "MarkedAsAnswerDate": null
  },
  {
    "Id": "422172",
    "ThreadId": "85680",
    "Html": "<p>Hmmm... BeginBuild should have been called by the solution build manager before ever invoking your project system.&nbsp; Do you repro this by clicking Build Solution in the IDE?<span style=\"font-family:Consolas;font-size:x-small\"></span></p>",
    "PostedDate": "2010-03-22T10:01:58.44-07:00",
    "UserRole": null,
    "MarkedAsAnswerDate": null
  },
  {
    "Id": "422174",
    "ThreadId": "85680",
    "Html": "<p>Yes, I can repro it with Build Solution.<br>I get exactly the same behavior.</p>",
    "PostedDate": "2010-03-22T10:06:36.17-07:00",
    "UserRole": null,
    "MarkedAsAnswerDate": null
  },
  {
    "Id": "423151",
    "ThreadId": "85680",
    "Html": "<p>rcorral,</p>\r\n<p>Can you please expand [External Code] and include the rest of the callstack?&nbsp; Also, if you have multiple projects in the soluton and you hit Build Solution, do the other project systems succeed at building while yours fails?</p>",
    "PostedDate": "2010-03-24T10:41:55.157-07:00",
    "UserRole": null,
    "MarkedAsAnswerDate": null
  },
  {
    "Id": "423246",
    "ThreadId": "85680",
    "Html": "<p>If I expand external code I only get [Native To Managed Transition]...</p>\r\n<p>If I create a multiproject solution with one project of my project type and a C# project, the error related to BeginBuild not called do not appears but the error relate to VS hanging after build my project.</p>\r\n<p>When&nbsp;VS hangs there are some threads with names like RequestBuilder, Build Engine Loop waiting in a WaitHandle.WaitAny ... It looks like a deadlock.</p>\r\n<p>The call stack for this threads is similar in all of them:</p>\r\n<p>Unflagged&nbsp;&nbsp;4084&nbsp;13&nbsp;Worker Thread&nbsp;RequestBuilder thread&nbsp;[In a sleep, wait, or join]&nbsp;Normal<br>In a sleep, wait, or join]&nbsp;<br>&gt;&nbsp;mscorlib.dll!System.Threading.WaitHandle.WaitAny(System.Threading.WaitHandle[] waitHandles, int millisecondsTimeout, bool exitContext) + 0x8b bytes&nbsp;<br>&nbsp;&nbsp;Microsoft.Build.dll!Microsoft.Build.BackEnd.InProcNode.Run(out System.Exception shutdownException) + 0xb1 bytes&nbsp;<br>&nbsp;&nbsp;Microsoft.Build.dll!Microsoft.Build.BackEnd.NodeProviderInProc.InProcNodeThreadProc() + 0x18 bytes&nbsp;<br>&nbsp;&nbsp;mscorlib.dll!System.Threading.ThreadHelper.ThreadStart_Context(object state) + 0x63 bytes&nbsp;<br>&nbsp;&nbsp;mscorlib.dll!System.Threading.ExecutionContext.Run(System.Threading.ExecutionContext executionContext, System.Threading.ContextCallback callback, object state, bool ignoreSyncCtx) + 0xb0 bytes&nbsp;<br>&nbsp;&nbsp;mscorlib.dll!System.Threading.ExecutionContext.Run(System.Threading.ExecutionContext executionContext, System.Threading.ContextCallback callback, object state) + 0x2c bytes&nbsp;<br>&nbsp;&nbsp;mscorlib.dll!System.Threading.ThreadHelper.ThreadStart() + 0x44 bytes&nbsp;<br>&nbsp;&nbsp;[Native to Managed Transition]&nbsp;</p>\r\n<p>Unflagged&nbsp;&nbsp;1120&nbsp;15&nbsp;Worker Thread&nbsp;Build Engine Loop (Default)&nbsp;[In a sleep, wait, or join]&nbsp;Normal<br>[In a sleep, wait, or join]&nbsp;<br>&gt;&nbsp;mscorlib.dll!System.Threading.WaitHandle.WaitAny(System.Threading.WaitHandle[] waitHandles, int millisecondsTimeout, bool exitContext) + 0x8b bytes&nbsp;<br>&nbsp;&nbsp;Microsoft.Build.dll!Microsoft.Build.BackEnd.InProcNode.Run(out System.Exception shutdownException) + 0xb1 bytes&nbsp;<br>&nbsp;&nbsp;Microsoft.Build.dll!Microsoft.Build.BackEnd.NodeProviderInProc.InProcNodeThreadProc() + 0x18 bytes&nbsp;<br>&nbsp;&nbsp;mscorlib.dll!System.Threading.ThreadHelper.ThreadStart_Context(object state) + 0x63 bytes&nbsp;<br>&nbsp;&nbsp;mscorlib.dll!System.Threading.ExecutionContext.Run(System.Threading.ExecutionContext executionContext, System.Threading.ContextCallback callback, object state, bool ignoreSyncCtx) + 0xb0 bytes&nbsp;<br>&nbsp;&nbsp;mscorlib.dll!System.Threading.ExecutionContext.Run(System.Threading.ExecutionContext executionContext, System.Threading.ContextCallback callback, object state) + 0x2c bytes&nbsp;<br>&nbsp;&nbsp;mscorlib.dll!System.Threading.ThreadHelper.ThreadStart() + 0x44 bytes&nbsp;<br>&nbsp;&nbsp;[Native to Managed Transition]&nbsp;</p>\r\n<p>Thank your very much for your help.</p>\r\n<p>&nbsp;</p>",
    "PostedDate": "2010-03-24T13:57:11.803-07:00",
    "UserRole": null,
    "MarkedAsAnswerDate": null
  },
  {
    "Id": "423266",
    "ThreadId": "85680",
    "Html": "<p><span style=\"color:#1f497d\">Like MPF, the C# project system relies on the Solution Build Manager having already invoked BeginBuild when the user activates the &lsquo;Build&rsquo; action from the menu.&nbsp; Hanging after the build has most frequently been due to improper handling of logging messages.&nbsp; Can we get&nbsp;a dump file in each of these scenarios: (if you're willing, send me a private message via CodePlex to arrange where you can send your dump file)</span></p>\r\n<ol>1.&nbsp;When no other projects are loaded except your custom one, do a build, and break on the exception which is thrown when the BuildManager faults because BeginBuild hasn&rsquo;t been called.<br>2.&nbsp;When VS is hung.</ol>",
    "PostedDate": "2010-03-24T14:50:34.133-07:00",
    "UserRole": null,
    "MarkedAsAnswerDate": null
  },
  {
    "Id": "423727",
    "ThreadId": "85680",
    "Html": "<p>Alternatively can you set a breakpoint on the buildcomplete callback from MSBuild into your project system and ensure that execution flows all the way to calling VS to say the build is done? I suspect something is failing there.</p>",
    "PostedDate": "2010-03-25T12:27:22.743-07:00",
    "UserRole": null,
    "MarkedAsAnswerDate": null
  },
  {
    "Id": "425441",
    "ThreadId": "85680",
    "Html": "<p>Hello aarnott:</p>\r\n<p>What seems to be happening when VS hangs after build&nbsp;is that ProjectConfig.Build calls config.ProjectMgr.BuildAsync passing this.NotifyBuildEnd as callback, but NotifyBuildEnd never gets called.</p>\r\n<p>I have the two dumps that you requested for. They are huge, about 200MB compressed. How can I provide them to you?</p>\r\n<p>Thank you very much for your help.</p>",
    "PostedDate": "2010-03-30T06:04:25.52-07:00",
    "UserRole": null,
    "MarkedAsAnswerDate": null
  }
]