[
  {
    "Id": "716144",
    "ThreadId": "283911",
    "Html": "<p>hi,</p>\n<p>we would like to make use of projection buffer, to mix several built-in languages within our file type.</p>\n<p>MSDN documentation is very pure for any tutorials, and we can't figure out how to use it. We have an integration built on MPF10.</p>\n<p>Can we get any hint or code sample? would be appreciated.</p>\n<p>Thanks!</p>\n<p>Jakub Misek</p>\n<p>&nbsp;</p>\n<p>EDIT: we've found&nbsp;<a href=\"http://msdn.microsoft.com/en-us/library/bb166334(v=VS.90).aspx\">http://msdn.microsoft.com/en-us/library/bb166334(v=VS.90).aspx</a>&nbsp;(Contained languages). Are there any samples of integrating a contained language into HTML ? Thank you</p>",
    "PostedDate": "2011-12-22T07:50:23.74-08:00",
    "UserRole": null,
    "MarkedAsAnswerDate": null
  }
]