[
  {
    "Id": "427322",
    "ThreadId": "208316",
    "Html": "<p>I am using MPFProj to define projects for our new JOOB modelling language</p>\r\n<p>I have been unable to determine how Visual Studio (we are using 2010 release candidate) decides which menu entries appear below the &quot;Build&quot; menu. At the moment I get entries for &quot;Build&quot;, &quot;Clean&quot; and &quot;Rebuild&quot; for both the solution and project but no other entries. (See attached snipped image)</p>\r\n<p><img src=\"https://mail.google.com/mail/?ui=2&ik=70108361cd&view=att&th=127c5c8882b8d24d&attid=0.1&disp=inline&realattid=f_g7kzujrx0&zw\" alt=\"\"></p>\r\n<div>For example the &quot;Publish&quot; entry does not appear.</div>\r\n<div>I would like to have a &quot;Deploy&quot; menu item appear which would invoke the &quot;Deploy&quot; MSBuild task.</div>\r\n<div>Is it the MPFProj code that determines what menu items appear or the .proj and targets?</div>\r\n<div>Any help or pointers would be appreciated.</div>\r\n<div></div>\r\n<div>We plan to have a Beta available in June 2010 and for further information&nbsp;here is a link to the JOOB website</div>\r\n<div><a href=\"http://www.jadeworld.com/jw/Technologies/High_Performance_Technology/JOOB.php\">http://www.jadeworld.com/jw/Technologies/High_Performance_Technology/JOOB.php</a></div>\r\n<div>and the facebook page</div>\r\n<div><a href=\"http://www.facebook.com/pages/JOOB/366914378798?ref=ts\">http://www.facebook.com/pages/JOOB/366914378798?ref=ts</a></div>\r\n<div></div>\r\n<div>Regards,</div>\r\n<div>Dr Bruce McKenzie,</div>\r\n<div>Senior Systems Engineer,</div>\r\n<div>Jade Software Corporation,</div>\r\n<div>Christchurch,</div>\r\n<div>New Zealand</div>\r\n<p>&nbsp;</p>\r\n<p>&nbsp;</p>\r\n<div><span style=\"font-family:arial, sans-serif;border-collapse:collapse\"><br></span></div>",
    "PostedDate": "2010-04-04T20:36:20.23-07:00",
    "UserRole": null,
    "MarkedAsAnswerDate": null
  }
]