[
  {
    "Id": "444539",
    "ThreadId": "213081",
    "Html": "<p>Sorry if I'm posting in the wrong forum, but I have an MPF with a ToolWindowPane that has survived a couple of different generations of Visual Studio.&nbsp; This package uses the OLD style of registry entries for registration as it must still be used in VS 2005/2008 and now 2010.</p>\r\n<p>I believe I've successfully updated the project to compile / run within VS 2010.&nbsp; However, I'm having a problem debugging.&nbsp; The %appdata%\\Microsoft\\VisualStudio\\10.0Exp\\Extensions does get the compiled binaries; however, the registry entries (that would normally be created when VS called regpkg during a build) do not get updated.&nbsp; Is there a way to configure / setup VS 2010 to debug an MPF using the older style of registration?</p>",
    "PostedDate": "2010-05-18T13:23:33.367-07:00",
    "UserRole": null,
    "MarkedAsAnswerDate": null
  }
]