[
  {
    "Id": "280779",
    "ThreadId": "81754",
    "Html": "<p>For builds after the Beta 2, the IVsBuildManagerAccessor included in the Beta 2 bits not longer works.</p>\r\n<p>These changes are documented in the document &quot;General Notes Including new IVsBuildManagerAccessor.docx&quot;, located in the Documentation folder of the Beta 2 zip file release.</p>\r\n<p>We are currently working towards getting these changes applied to the codebase, and plan to make another release shortly.</p>\r\n<p>Chuck England<br>Visual Studio Platform<br>Program Manager - MSBuild</p>",
    "PostedDate": "2010-01-22T16:01:47.36-08:00",
    "UserRole": null,
    "MarkedAsAnswerDate": null
  }
]