[
  {
    "Id": "423212",
    "ThreadId": "207187",
    "Html": "<div id=\"ctl00_ctl00_MasterContent_Content_PostRepeater_ctl00_BodyPanel\">\r\n<table border=0>\r\n<tbody>\r\n<tr>\r\n<td>\r\n<div id=\"ctl00_ctl00_MasterContent_Content_PostRepeater_ctl00_BodyDiv\">\r\n<p>As we start to plan the next version of Visual Studio, we are interested to understand what has worked well and what needs improvement for our customers who are creating or maintaining project systems.<br>What would be useful:</p>\r\n<ul>\r\n<li>A brief description of your project system &ndash; its goals, customers, requirements such as multi-targeting support, round-tripping, project properties, etc. </li>\r\n<li>Why did you decide to use MPF?&nbsp; What were you using earlier? </li>\r\n<li>What are your pain main point areas? Please feel free to elaborate on issues. \r\n<ul>\r\n<li>Creating a new project system </li>\r\n<li>Maintaining it through Visual Studio releases </li>\r\n</ul>\r\n</li>\r\n<li>What is your perception of how MPFproj covers the following areas? \r\n<ul>\r\n<li>Extensibility </li>\r\n<li>Scalability </li>\r\n<li>Code Quality </li>\r\n<li>Testing support </li>\r\n<li>Application designer support </li>\r\n<li>Security </li>\r\n</ul>\r\n</li>\r\n<li>Would you recommend using MPF? Please elaborate on your reasons. </li>\r\n</ul>\r\n<p style=\"margin:0in 0in 0pt\"><span style=\"font-family:'Segoe UI', 'sans-serif';color:black;font-size:10pt\">Please feel to send your replies directly to selmai (at) microsoft.com. </span></p>\r\n<p style=\"margin:0in 0in 0pt\"><span style=\"font-family:'Segoe UI', 'sans-serif';color:black;font-size:10pt\">Thanks,</span></p>\r\n<p style=\"margin:0in 0in 0pt\"><span style=\"font-family:'Segoe UI', 'sans-serif';color:black;font-size:10pt\">Visual Studio Team</span></p>\r\n</div>\r\n</td>\r\n</tr>\r\n</tbody>\r\n</table>\r\n</div>",
    "PostedDate": "2010-03-24T12:57:56.977-07:00",
    "UserRole": null,
    "MarkedAsAnswerDate": null
  },
  {
    "Id": "486191",
    "ThreadId": "207187",
    "Html": "<p>Hello Selmai,</p>\r\n<p>I am setting up a project type which let maintain, compile and &quot;should&quot; deploy Database Upgrade xml files (with my own schema). Those xmls, in brief, contains sql command that must be executed against a target database to upgrade that database from and up to a particular &quot;version&quot; and some details that let also maintain that &quot;version&quot; number into the target database.</p>\r\n<p>When I compile, the output should be an sql that could be run into ssms or with sqlcmd and when I deploy the deploy process will really execute that script against the target database.</p>\r\n<p>Multi-targeting support and project properties are</p>\r\n<p>I decided to use MPF because visual studio integration of the xml database upgrade files into a project should sounds familar to our developper as well as the process of compiling and deploying them. I also consider msbuild integration. And indeed, the build and deploy task will be msbuild tasks so we should be able to deploy our database upgrades with new version of our software onto clients machines with msbuild.</p>\r\n<p>The&nbsp;biggest pain area is the total absence of support or even some tuto on IVsDeployableProjectCfg interface (I finally found that this interface should be implemented to have visual studio in build Deploy support)... Also, if I decided to have a Publish target, is there anything similar to the IVsDeployableCfg interface? You known, a project type does not stop after Compile as IronPython... Deploy and or Publish are frequent tasks that should be lightened...</p>\r\n<p>My perceptions about MPFProj are quite very goods even if i do only cover a few percentage of that project</p>\r\n<p>Yes, I would recommend using MPF because I feel there is very good knowledge of the visual studio architecture that are captured into well wriiten code. It is really a good source of samples extending visual studio...</p>\r\n<p>But please, would it be possible to have at least some walktrough about the IVsDeployableProjectCfg interface (I just know I must implement it but don't know really how...) and same about publishing?</p>\r\n<p>Regards</p>",
    "PostedDate": "2010-08-29T13:12:30.507-07:00",
    "UserRole": null,
    "MarkedAsAnswerDate": null
  },
  {
    "Id": "490091",
    "ThreadId": "207187",
    "Html": "<p>Hi Selmai,</p>\r\n<p>We use VS shell to create a development environment for our digital signal processors. These are C programmable devices so we use the MPF to build a project system similar to VC++ in functionality.</p>\r\n<p>It would be nice if creating a project system for a language would mean more 'configuration' (XML) and less code, just like what the VC team has done in 2010.</p>\r\n<p>Regards,</p>\r\n<p>-Martin</p>\r\n<p>&nbsp;</p>\r\n<p>&nbsp;</p>\r\n<p>&nbsp;</p>\r\n<p>&nbsp;</p>",
    "PostedDate": "2010-09-07T07:08:14.273-07:00",
    "UserRole": null,
    "MarkedAsAnswerDate": null
  },
  {
    "Id": "490134",
    "ThreadId": "207187",
    "Html": "\r\n<div>\r\n<p><span style=\"font-size:11.0pt;font-family:'Calibri','sans-serif';color:#1F497D\">Martin,</span></p>\r\n<p><span style=\"font-size:11.0pt;font-family:'Calibri','sans-serif';color:#1F497D\">Thank you for your feedback. I forward your request to our project team.  We will keep your suggestion in mind while designing feature MPFProj releases.</span></p>\r\n<p><span style=\"font-size:11.0pt;font-family:'Calibri','sans-serif';color:#1F497D\">Please feel free to contact us with any feedback you have on MPFProj .</span></p>\r\n<p><span style=\"font-size:11.0pt;font-family:'Calibri','sans-serif';color:#1F497D\">Thanks,<br>\r\nSelma</span></p>\r\n<p><span style=\"font-size:11.0pt;font-family:'Calibri','sans-serif';color:#1F497D\"> </span></p>\r\n<div>\r\n<div style=\"border:none;border-top:solid #B5C4DF 1.0pt;padding:3.0pt 0in 0in 0in\">\r\n<p><b><span style=\"font-size:10.0pt;font-family:'Tahoma','sans-serif'\">From:</span></b><span style=\"font-size:10.0pt;font-family:'Tahoma','sans-serif'\"> martin_filteau [mailto:notifications@codeplex.com]\r\n<br>\r\n<b>Sent:</b> Tuesday, September 07, 2010 7:08 AM<br>\r\n<b>To:</b> Selma Ikiz<br>\r\n<b>Subject:</b> Re: Visual Studio Survey: Help us understand your experiences working with MPFproj [MPFProj10:207187]</span></p>\r\n</div>\r\n</div>\r\n<p> </p>\r\n<p><span style=\"font-size:9.0pt;font-family:'Verdana','sans-serif'\">From: martin_filteau</span></p>\r\n<div style=\"margin-bottom:24.0pt\" id=ThreadNotificationPostBody>\r\n<p><span style=\"font-size:9.0pt;font-family:'Verdana','sans-serif'\">Hi Selmai,</span></p>\r\n<p><span style=\"font-size:9.0pt;font-family:'Verdana','sans-serif'\">We use VS shell to create a development environment for our digital signal processors. These are C programmable devices so we use the MPF to build a project system similar to VC++ in functionality.</span></p>\r\n<p><span style=\"font-size:9.0pt;font-family:'Verdana','sans-serif'\">It would be nice if creating a project system for a language would mean more 'configuration' (XML) and less code, just like what the VC team has done in 2010.</span></p>\r\n<p><span style=\"font-size:9.0pt;font-family:'Verdana','sans-serif'\">Regards,</span></p>\r\n<p><span style=\"font-size:9.0pt;font-family:'Verdana','sans-serif'\">-Martin</span></p>\r\n<p><span style=\"font-size:9.0pt;font-family:'Verdana','sans-serif'\"> </span></p>\r\n<p><span style=\"font-size:9.0pt;font-family:'Verdana','sans-serif'\"> </span></p>\r\n<p><span style=\"font-size:9.0pt;font-family:'Verdana','sans-serif'\"> </span></p>\r\n<p><span style=\"font-size:9.0pt;font-family:'Verdana','sans-serif'\"> </span></p>\r\n</div>\r\n<div style=\"border:none;border-top:solid #CCCCCC 1.0pt;padding:0in 0in 0in 0in\" id=ThreadNotificationFooter>\r\n<p><span style=\"font-size:9.0pt;font-family:'Verdana','sans-serif';color:gray\">Read the\r\n<a href=\"http://mpfproj10.codeplex.com/Thread/View.aspx?ThreadId=207187&ANCHOR#Post490091\">\r\nfull discussion online</a>.</span></p>\r\n<p><span style=\"font-size:9.0pt;font-family:'Verdana','sans-serif';color:gray\">To add a post to this discussion, reply to this email (<a href=\"mailto:MPFProj10@discussions.codeplex.com?subject=[MPFProj10:207187]\">MPFProj10@discussions.codeplex.com</a>)</span></p>\r\n<p><span style=\"font-size:9.0pt;font-family:'Verdana','sans-serif';color:gray\">To start a new discussion for this project, email\r\n<a href=\"mailto:MPFProj10@discussions.codeplex.com\">MPFProj10@discussions.codeplex.com</a></span></p>\r\n<p><span style=\"font-size:9.0pt;font-family:'Verdana','sans-serif';color:gray\">You are receiving this email because you subscribed to this discussion on CodePlex. You can\r\n<a href=\"https://mpfproj10.codeplex.com/subscriptions/thread/project/edit\">unsubscribe or change your settings</a> on codePlex.com.</span></p>\r\n<p><span style=\"font-size:9.0pt;font-family:'Verdana','sans-serif';color:gray\">Please note: Images and attachments will be removed from emails. Any posts to this discussion will also be available online at codeplex.com</span></p>\r\n</div>\r\n</div>\r\n",
    "PostedDate": "2010-09-07T08:05:49.6-07:00",
    "UserRole": null,
    "MarkedAsAnswerDate": null
  },
  {
    "Id": "505031",
    "ThreadId": "207187",
    "Html": "<p>Hi, Selmai</p>\r\n<p>I am currently in the middle of developing a project system for Boo <a href=\"http://boo.codehaus.org/\">http://boo.codehaus.org/</a> Since VS 2005 I had quite a few run ins with VS extensibility, primarily packages, but as far as project system usually I was able to get away with project flavoring. This is the first time I face creation of a full blown project system from scratch.</p>\r\n<p>Anyway &ndash; to answer your questions:</p>\r\n<p>The project system is supposed to integrate Boo compiler into the VS IDE. Out of the box Boo provides the compiler, interpreter and the target file/tasks compatible with MSBuild. As we decided to use Boo in our development we needed a way to integrate Boo development in our development process. As our IDE is Visual Studio we need a way to compile/debug Boo in Visual Studio side by side with majority of our code which will remain in C#.</p>\r\n<p>The decision to use MPF was easy &ndash; the alternative is to implement all nitty gritty myself. Considering how much ground would have to be covered, I think I would not take this project on without MPF. Without (before) the Boo project system I had to compile the Boo part of our app separately and maintain the dll dependencies manually</p>\r\n<p>As far as main points &ndash; the intended use of the Boo project system is to be used in a standard development process &ndash; I should be able to compile/run/debug entire solution with Boo code mixed with code in any other language directly from IDE. Publish/Deploy from VS is not a concern at this time.</p>\r\n<p>For the pain/concerns, I have two major ones.</p>\r\n<p>First of all the documentation is very poor, I would hazard to say it is virtually nonexistent. For over 600 virtual methods which can be overridden there is a total of may be 30 pages of documentation. Of course you also have comments in the code and comparing with the MPF predecessor &ndash; the base project system, a part of VS2008 SDK, they are much more informative, still, using MPF requires a lot of guessing and stepping through the code. From the MPF integration standpoint my project turned out to be pretty simple, but this simplicity is based on the knowledge gathered during my 5 years of messing with VS Extensibility. I plan to blog about my experience with MPF in the near future.</p>\r\n<p>A bigger concern is that it is not clear what is the goal of the MPF project? Is it supposed to be a stable API to create project systems? Or it is just a loose collection of code for anybody to play with? Considering the vast area to be covered by the project system multiplied by wild variety of use cases it is inevitable there will be issues and outright bugs. How fast they will be addressed? And who and how is watching over the project so that fixing one issue does not create a different one. I ran into a small problem myself and I found a solution good enough for me (see the issue I submitted) but is it good enough for everybody else? The concern here is that a thousand developers will pull MPF in a thousand different directions, as a result when you guys release a new version of MPF for a new version of VS, it will not be compatible with any of them. So I as well as a thousand of others will have to start over from scratch.</p>\r\n<p>In light of the latter my question is &ndash; are any of the native MS Project systems based on MPF? To the best of my knowledge the answer is no. I know for sure that IronPython as well as FSharp are both based on the previous incarnation of MPF &ndash; sort of. But not the latest one.</p>\r\n<p>As to recommending &ndash; my recommendation would be stay away from MPF if you can, use project flavoring, or if possible do not touch the project system at all, but if you need to build a project system from scratch I think MPF is the only viable option. You guys did a great job putting it all together and isolating small guys like myself from the COM hell. Certainly with a project this huge there is always room for making it simpler, better, but we (at least I) are much better with it than without.</p>\r\n<p>Sincerely</p>\r\n<p>Michael Feingold</p>\r\n<p><a href=\"http://www.ndjango.org/\">www.ndjango.org</a></p>\r\n<p><a href=\"http://www.bistroframework.org/\">www.bistroframework.org</a></p>\r\n<p><a href=\"http://fsprojectextender.codeplex.com/\">http://fsprojectextender.codeplex.com/</a></p>\r\n<p><a href=\"http://workflowserver.com/\">http://workflowserver.com/</a></p>\r\n<p>P.S. I tried to post a replay via e-mail and it bounced back, so now I do it through the web site. My apologies if you will get it twice</p>",
    "PostedDate": "2010-10-10T07:15:41.807-07:00",
    "UserRole": null,
    "MarkedAsAnswerDate": null
  }
]