[
  {
    "Id": "425423",
    "ThreadId": "207771",
    "Html": "<p>I have added to target to my custom .targets file which is imported in my custom project file following the instruction in this post at MSDN Forums: <br><a href=\"http://social.msdn.microsoft.com/forums/en-US/vsx/thread/0387ce89-63d4-4e54-84a8-ce5e979f068e/\">http://social.msdn.microsoft.com/forums/en-US/vsx/thread/0387ce89-63d4-4e54-84a8-ce5e979f068e/</a></p>\r\n<p>&lt;!-- Support for Pre-Build and Post-Build--&gt;<br>&lt;Target Name=&quot;PreBuildEvent&quot;&gt;<br>&lt;Exec Command=&quot;$(PreBuildEvent)&quot; Condition=&quot; '$(PreBuildEvent)' != '' &quot;/&gt;<br>&lt;/Target&gt;</p>\r\n<p>&lt;Target Name=&quot;PostBuildEvent&quot;&gt;<br>&lt;Exec Command=&quot;$(PostBuildEvent)&quot; Condition=&quot; '$(PostBuildEvent)' != '' &quot;/&gt;<br>&lt;/Target&gt;</p>\r\n<p>&lt;!-- Build target --&gt;<br>&lt;PropertyGroup&gt;<br>&lt;BuildDependsOn&gt;PreBuildEvent;Compile;PostBuildEvent&lt;/BuildDependsOn&gt;<br>&lt;/PropertyGroup&gt;</p>\r\n<p>&lt;Target Name=&quot;Build&quot; DependsOnTargets=&quot;$(BuildDependsOn)&quot;&gt;&lt;/Target&gt;</p>\r\n<p>The Post- and Pre-build Event property page is showed but it is disabled. What have I forgot?</p>\r\n<p>&iexcl;Thank you very much!</p>",
    "PostedDate": "2010-03-30T05:21:11.893-07:00",
    "UserRole": null,
    "MarkedAsAnswerDate": null
  }
]