{
  "WorkItem": {
    "AffectedComponent": {
      "Name": "",
      "DisplayName": ""
    },
    "ClosedComment": "",
    "ClosedDate": null,
    "CommentCount": 0,
    "Custom": null,
    "Description": "In the C#/VB you can cut a file from one project and paste it into a 2nd project.  The result of this is that the file is added to the 2nd project and removed from the 1st project.  MPFProj has this comment in QueryDropEffect:\n \nA directory based project should perform as follow:\n\t\t///\t\tNO MODIFIER \n\t\t///\t\t\t- COPY if not from current hierarchy, \n\t\t///\t\t\t- MOVE if from current hierarchy\n\t\t///\t\tSHIFT DRAG - MOVE\n\t\t///\t\tCTRL DRAG - COPY\n\t\t///\t\tCTRL-SHIFT DRAG - NO DROP (used for reference based projects only)\n \nBut the \"COPY if not from current hierarchy\" is not correct - it should be a move if from another hierarchy and the other hierarchy will then either do nothing (if it was a copy) or it will remove the nodes when it receives the OnPaste event.\n \nTo fix this I modified QueryDropEffect in ProjectNode.CopyPaste.cs so the line:\n \nif(this.SourceDraggedOrCutOrCopied)\n \nis now:\n \nif(this.SourceDraggedOrCutOrCopied || this.ItemsDraggedOrCutOrCopied == null || this.ItemsDraggedOrCutOrCopied.Count == 0)\n \nIf the items came from a another hierarchy we will therefore do a move and let the other hierarchy clean up appropiately.",
    "LastUpdatedDate": "2013-02-13T19:58:36.983-08:00",
    "PlannedForRelease": "",
    "ReleaseVisibleToPublic": false,
    "Priority": {
      "Name": "Low",
      "Severity": 50,
      "Id": 1
    },
    "ProjectName": "MPFProj10",
    "ReportedDate": "2010-10-27T11:30:55.497-07:00",
    "Status": {
      "Name": "Proposed",
      "Id": 1
    },
    "ReasonClosed": {
      "Name": "Unassigned"
    },
    "Summary": "Cross project cut and paste doesn't work like C#/VB.NET projects",
    "Type": {
      "Name": "Issue",
      "Id": 3
    },
    "VoteCount": 2,
    "Id": 9705
  },
  "FileAttachments": [],
  "Comments": []
}