{
  "WorkItem": {
    "AffectedComponent": {
      "Name": "",
      "DisplayName": ""
    },
    "ClosedComment": "",
    "ClosedDate": null,
    "CommentCount": 0,
    "Custom": null,
    "Description": "DisplayName is documented as being in the form \"<configname>|<platform name>\" http://msdn.microsoft.com/en-us/library/bb139670(v=VS.80).aspx\n \nCanonicalName is just the config name such as \"Debug\" or \"Release\" http://msdn.microsoft.com/en-us/library/microsoft.visualstudio.shell.interop.ivsprojectcfg.get_canonicalname(v=VS.80).aspx\n \nIn MPFProj get_CanonicalName just calls get_DisplayName, so a string such as \"Debug|AnyCPU\" is passed out when it should just be \"Debug\".\n \nThe fix is to make get_CanonicalName just to do:\n \n        public virtual int get_CanonicalName(out string name)\n        {\n            name = configName;\n            return VSConstants.S_OK;\n        }",
    "LastUpdatedDate": "2014-01-24T00:38:47.077-08:00",
    "PlannedForRelease": "",
    "ReleaseVisibleToPublic": false,
    "Priority": {
      "Name": "Low",
      "Severity": 50,
      "Id": 1
    },
    "ProjectName": "MPFProj10",
    "ReportedDate": "2012-05-22T14:28:58.077-07:00",
    "Status": {
      "Name": "Proposed",
      "Id": 1
    },
    "ReasonClosed": {
      "Name": "Unassigned"
    },
    "Summary": "ProjectConfig.get_CanonicalName returns display name instead of the canonical name",
    "Type": {
      "Name": "Issue",
      "Id": 3
    },
    "VoteCount": 1,
    "Id": 12178
  },
  "FileAttachments": [],
  "Comments": [
    {
      "Message": "If you are using MPFProj w/ Dev11 and are getting an error about x64 and ARM targets not being supported in the WPF designer you might want this fix.",
      "PostedDate": "2012-05-22T15:55:34.747-07:00",
      "Id": -2147483648
    },
    {
      "Message": "",
      "PostedDate": "2013-02-13T19:58:35.407-08:00",
      "Id": -2147483648
    },
    {
      "Message": "Thanks, helped a lot!",
      "PostedDate": "2014-01-24T00:38:47.077-08:00",
      "Id": -2147483648
    }
  ]
}