{
  "WorkItem": {
    "AffectedComponent": {
      "Name": "",
      "DisplayName": ""
    },
    "ClosedComment": "",
    "ClosedDate": null,
    "CommentCount": 0,
    "Custom": null,
    "Description": "I downloaded the latest source compile and run it. Everything builds, and all unit tests come up green. The integration tests fail - all of them. The problem seems to be in the \n\t\t\tstring templatePath = solution.get_TemplatePath(projectType.ToString(\"B\"));\nthe get_templatepath throws an exception 0x80070057 E_INVALIDARG. Did I miss a configuration step?",
    "LastUpdatedDate": "2013-02-13T19:58:37.627-08:00",
    "PlannedForRelease": "",
    "ReleaseVisibleToPublic": false,
    "Priority": {
      "Name": "Low",
      "Severity": 50,
      "Id": 1
    },
    "ProjectName": "MPFProj10",
    "ReportedDate": "2010-09-25T10:12:01.313-07:00",
    "Status": {
      "Name": "Proposed",
      "Id": 1
    },
    "ReasonClosed": {
      "Name": "Unassigned"
    },
    "Summary": "IntegrationTests fail",
    "Type": {
      "Name": "Issue",
      "Id": 3
    },
    "VoteCount": 2,
    "Id": 9472
  },
  "FileAttachments": [],
  "Comments": [
    {
      "Message": "1)This trouble occurs because  ProvideProjectFactory attribute  on the NestedProjectPackage class is not configured correctly,so the generated pkdef file misses some necessary information\r\nIt is important to specify LanguageVsTemplate as it is done in CustomProjectPackage class (see CustomProject)\r\n[ProvideProjectFactory(typeof(NestedProjectFactory), \"MyNestedProject\", \"MyNestedProject Files (*.nestedproj);*.nestedproj\", \"nestedproj\", \"nestedproj\", @\"Templates\\Projects\\MyNestedProject\", LanguageVsTemplate = \"NestedProject\", NewProjectRequireNewFolderVsTemplate = false)]\r\n \r\n2) The other important note for those who has troubles with configuration of integration tests : check whether  *.testrunconfig file is added as a solution item (not integration tests' project item), otherwise you will you use the default settings and won't be able to run tests in experimental hive!",
      "PostedDate": "2010-09-28T07:05:34.367-07:00",
      "Id": -2147483648
    },
    {
      "Message": "Forgot to mention:if you do not want to modify structure of Templates folder in NestedProject (I mean to add Templates\\Projects\\ MyNestedProject subfolder),you have to change projectTemplatesDirectory parameter value in ProvideProjectFactory attribute \r\nfrom '@\"Templates\\Projects\\MyNestedProject 'to '@\"Templates\\Projects\\'",
      "PostedDate": "2010-09-28T07:25:36.63-07:00",
      "Id": -2147483648
    },
    {
      "Message": "",
      "PostedDate": "2011-10-08T04:23:35.99-07:00",
      "Id": -2147483648
    },
    {
      "Message": "",
      "PostedDate": "2013-02-13T19:58:37.627-08:00",
      "Id": -2147483648
    }
  ]
}