{
  "WorkItem": {
    "AffectedComponent": {
      "Name": "",
      "DisplayName": ""
    },
    "ClosedComment": "",
    "ClosedDate": null,
    "CommentCount": 0,
    "Custom": null,
    "Description": "We have created a project system for our own language. We have converted this system to Dev10 with the new MPF version.\nThe MPF Code calls submission.Execute() in the InvokeMsBuild() method. \nThis method never returns. It seems to deadlock in a background loop. After a while the IDE reports a locking error.\nWe have experienced this with our own project system, but we have been able to reproduce the problem with a converted version of the IronPython project system.\nReplacing the call to submission.Execute() with the following code seems to solve the problem:\n \nsubmission.ExecuteAsync(null, null);\nwhile (! submission.IsCompleted)\n{\n   Application.DoEvents();\n}\nBuildResult buidResult = submission.BuildResult;\n \n- Is this a known issue ?\n- Are there any risks in the workaround that we have used ?\n \n \nRobert",
    "LastUpdatedDate": "2013-02-13T19:58:39.387-08:00",
    "PlannedForRelease": "",
    "ReleaseVisibleToPublic": false,
    "Priority": {
      "Name": "Low",
      "Severity": 50,
      "Id": 1
    },
    "ProjectName": "MPFProj10",
    "ReportedDate": "2009-12-11T00:40:52.803-08:00",
    "Status": {
      "Name": "Proposed",
      "Id": 1
    },
    "ReasonClosed": {
      "Name": "Unassigned"
    },
    "Summary": "Invoking Submission.Execute in the ProjectNode.InvokeMsBuild method hangs the IDE",
    "Type": {
      "Name": "Issue",
      "Id": 3
    },
    "VoteCount": 1,
    "Id": 6594
  },
  "FileAttachments": [],
  "Comments": []
}