{
  "WorkItem": {
    "AffectedComponent": {
      "Name": "",
      "DisplayName": ""
    },
    "ClosedComment": "",
    "ClosedDate": null,
    "CommentCount": 0,
    "Custom": null,
    "Description": "Open a read-only file, make some changes.  Now attempt to save the item.  You'll get prompted that the file is read-only.  Click cancel.  SaveItem has a try/catch block and in the catch block it has a block commented as \"Try to recover\".  But it shouldn't try to recover if the user cancelled the save.",
    "LastUpdatedDate": "2013-02-13T19:58:38.923-08:00",
    "PlannedForRelease": "",
    "ReleaseVisibleToPublic": false,
    "Priority": {
      "Name": "Low",
      "Severity": 50,
      "Id": 1
    },
    "ProjectName": "MPFProj10",
    "ReportedDate": "2010-02-04T14:10:42.197-08:00",
    "Status": {
      "Name": "Proposed",
      "Id": 1
    },
    "ReasonClosed": {
      "Name": "Unassigned"
    },
    "Summary": "HierarchyNode.SaveItem doesn't handle cancelling saving to a read-only file correctly.",
    "Type": {
      "Name": "Issue",
      "Id": 3
    },
    "VoteCount": 1,
    "Id": 6982
  },
  "FileAttachments": [],
  "Comments": [
    {
      "Message": "I changed the Try to recover section to do:\r\n\r\nif(ff != null && cancelled == 0)",
      "PostedDate": "2010-02-04T14:11:12.05-08:00",
      "Id": -2147483648
    },
    {
      "Message": "",
      "PostedDate": "2013-02-13T19:58:38.923-08:00",
      "Id": -2147483648
    }
  ]
}