{
  "WorkItem": {
    "AffectedComponent": {
      "Name": "",
      "DisplayName": ""
    },
    "ClosedComment": "",
    "ClosedDate": null,
    "CommentCount": 0,
    "Custom": null,
    "Description": "Navigation to a specific line/column in the document that has an error from the build error list doesn't work anymore.\nIn the previous version (MPF 9.0) the IDEBuildLogger.cs had a following line during ErrorTask creation:\n  task.Navigate += new EventHandler(NavigateTo);\nand also had the corresponding NavigateTo method implemented. For some reason it is missing in the current MPF 10.0.",
    "LastUpdatedDate": "2013-02-13T19:58:36.67-08:00",
    "PlannedForRelease": "",
    "ReleaseVisibleToPublic": false,
    "Priority": {
      "Name": "Low",
      "Severity": 50,
      "Id": 1
    },
    "ProjectName": "MPFProj10",
    "ReportedDate": "2011-03-26T19:12:58.017-07:00",
    "Status": {
      "Name": "Proposed",
      "Id": 1
    },
    "ReasonClosed": {
      "Name": "Unassigned"
    },
    "Summary": "Navigation from Error Task list doesn't work anymore",
    "Type": {
      "Name": "Issue",
      "Id": 3
    },
    "VoteCount": 6,
    "Id": 10537
  },
  "FileAttachments": [],
  "Comments": []
}