{
  "WorkItem": {
    "AffectedComponent": {
      "Name": "",
      "DisplayName": ""
    },
    "ClosedComment": "",
    "ClosedDate": null,
    "CommentCount": 0,
    "Custom": null,
    "Description": "Line 65 of UIThread.cs refers to the private field \"uithread\".  That field declaration is within a \"# if DEBUG block\" on line 30, so the field declaration is not included in Release builds and the build fails.",
    "LastUpdatedDate": "2013-02-13T19:58:38.76-08:00",
    "PlannedForRelease": "",
    "ReleaseVisibleToPublic": false,
    "Priority": {
      "Name": "Low",
      "Severity": 50,
      "Id": 1
    },
    "ProjectName": "MPFProj10",
    "ReportedDate": "2010-03-01T13:29:27.623-08:00",
    "Status": {
      "Name": "Proposed",
      "Id": 1
    },
    "ReasonClosed": {
      "Name": "Unassigned"
    },
    "Summary": "UIThread.cs does not compile in Release builds",
    "Type": {
      "Name": "Issue",
      "Id": 3
    },
    "VoteCount": 1,
    "Id": 7182
  },
  "FileAttachments": [],
  "Comments": []
}