{
  "WorkItem": {
    "AffectedComponent": {
      "Name": "",
      "DisplayName": ""
    },
    "ClosedComment": "",
    "ClosedDate": null,
    "CommentCount": 0,
    "Custom": null,
    "Description": "The docs say this should return \"Assembly name (assembly name without path or extension)\".  That's a little vague on whether it should be the full name including strong name, culture, etc... or if it should just be the simple name.  \n \nBut the way the Cider designer uses this it expects the simple name.  It calls the other properties to get the culture, version, etc...  and stores the result of Identity into the Name property of an AssemblyName object.  When this name is the full name this results in the commas being escaped and having an assembly name which is totally bogus.",
    "LastUpdatedDate": "2013-02-13T19:58:36.05-08:00",
    "PlannedForRelease": "",
    "ReleaseVisibleToPublic": false,
    "Priority": {
      "Name": "Low",
      "Severity": 50,
      "Id": 1
    },
    "ProjectName": "MPFProj10",
    "ReportedDate": "2011-09-15T14:20:37.76-07:00",
    "Status": {
      "Name": "Proposed",
      "Id": 1
    },
    "ReasonClosed": {
      "Name": "Unassigned"
    },
    "Summary": "OAAssemblyReference.Identity should return BaseReferenceNode.AssemblyName.Name, not FullName",
    "Type": {
      "Name": "Issue",
      "Id": 3
    },
    "VoteCount": 1,
    "Id": 11274
  },
  "FileAttachments": [],
  "Comments": []
}