{
  "WorkItem": {
    "AffectedComponent": {
      "Name": "",
      "DisplayName": ""
    },
    "ClosedComment": "",
    "ClosedDate": null,
    "CommentCount": 0,
    "Custom": null,
    "Description": "My custom project does not utilize a references virtual node and thus the variable referenceContainer will be null.  A NullReferenceException is then thrown once referenceContainer.EnumReferences() is called.  \n \nHere is my proposed fix for the method:\n        /// <summary>\n        /// Refreshes references and redraws them correctly.\n        /// </summary>\n        private void RefreshReferences()\n        {\n            // Refresh the reference container node for assemblies that could be resolved.\n            IReferenceContainer referenceContainer = this.config.ProjectMgr.GetReferenceContainer();\n            if (referenceContainer != null)\n            {\n                foreach(ReferenceNode referenceNode in referenceContainer.EnumReferences())\n                {\n                    referenceNode.RefreshReference();\n                }\n            }\n \n        }",
    "LastUpdatedDate": "2013-02-13T19:58:39.08-08:00",
    "PlannedForRelease": "",
    "ReleaseVisibleToPublic": false,
    "Priority": {
      "Name": "Low",
      "Severity": 50,
      "Id": 1
    },
    "ProjectName": "MPFProj10",
    "ReportedDate": "2010-01-13T09:07:20.187-08:00",
    "Status": {
      "Name": "Proposed",
      "Id": 1
    },
    "ReasonClosed": {
      "Name": "Unassigned"
    },
    "Summary": "ProjectConfig::RefreshReferences throws exception when references virtual node does not exist.",
    "Type": {
      "Name": "Issue",
      "Id": 3
    },
    "VoteCount": 3,
    "Id": 6889
  },
  "FileAttachments": [],
  "Comments": [
    {
      "Message": "I also agree with this issue. MPF proj currently doesn't fully support project models which doesn't provide project references. The problem should also be fixed if method RefreshReferences would be virtual. Thx.",
      "PostedDate": "2010-07-29T00:21:08.187-07:00",
      "Id": -2147483648
    },
    {
      "Message": "I have the same problem. Adding the check for a null referenceContainer solves the problem",
      "PostedDate": "2010-09-16T09:32:50.51-07:00",
      "Id": -2147483648
    },
    {
      "Message": "",
      "PostedDate": "2010-09-16T09:32:53.16-07:00",
      "Id": -2147483648
    },
    {
      "Message": "",
      "PostedDate": "2013-02-13T19:58:39.08-08:00",
      "Id": -2147483648
    }
  ]
}