{
  "WorkItem": {
    "AffectedComponent": {
      "Name": "",
      "DisplayName": ""
    },
    "ClosedComment": "",
    "ClosedDate": null,
    "CommentCount": 0,
    "Custom": null,
    "Description": "The Method UpdateGeneratedCodeFile in the class SingleFileGenerator has two bugs:\n \n1) If it is running in the Iso-Shell the generated file isn't truncated if it is shorter than befor. You can fix this by changing the line (around line 291) \nusing (FileStream generatedFileStream = File.Open(filePath, FileMode.OpenOrCreate))\nto\nusing (FileStream generatedFileStream = File.Open(filePath, FileMode.Create))\n \n2) If the generated file is open in visual studio it is *not* generated. I'll fix it by generating always. To do this I'll comment out the lines from 'if(docData != IntPtr.Zero)' until the 'else' block.",
    "LastUpdatedDate": "2013-02-13T19:58:36.517-08:00",
    "PlannedForRelease": "",
    "ReleaseVisibleToPublic": false,
    "Priority": {
      "Name": "Low",
      "Severity": 50,
      "Id": 1
    },
    "ProjectName": "MPFProj10",
    "ReportedDate": "2011-04-11T01:18:03.26-07:00",
    "Status": {
      "Name": "Proposed",
      "Id": 1
    },
    "ReasonClosed": {
      "Name": "Unassigned"
    },
    "Summary": "SingleFileGenerator doesen't truncate the generated file in Iso-Shell",
    "Type": {
      "Name": "Issue",
      "Id": 3
    },
    "VoteCount": 1,
    "Id": 10727
  },
  "FileAttachments": [],
  "Comments": [
    {
      "Message": "I'm OK with first point.\r\n\r\nBut second point is because of a missing line of code: GetBufferContents( filePath, srpStream ); between IVSTextStream srpStream = null; and if( srpStream != null )\r\n\r\nI also changed code so that in memory changed failure => save it on disk\r\n\r\nIVsHierarchy hier;\r\nuint cookie;\r\nuint itemid;\r\nIntPtr docData = IntPtr.Zero;\r\nErrorHandler.ThrowOnFailure(rdt.FindAndLockDocument((uint)(_VSRDTFLAGS.RDT_NoLock), filePath, out hier, out itemid, out docData, out cookie));\r\nbool changedInMemory = false;\r\nif(docData != IntPtr.Zero)\r\n{\r\n  Marshal.Release(docData);\r\n  IVsTextStream srpStream = null;\r\n  GetBufferContents( filePath, out srpStream ); // Missing line ?!?!?\r\n  if(srpStream != null)\r\n  {\r\n    int oldLen = 0;\r\n    int hr = srpStream.GetSize(out oldLen);\r\n    if(ErrorHandler.Succeeded(hr))\r\n    {\r\n      IntPtr dest = IntPtr.Zero;\r\n      try\r\n      {\r\n        dest = Marshal.AllocCoTaskMem(data.Length);\r\n        Marshal.Copy(data, 0, dest, data.Length);\r\n        ErrorHandler.ThrowOnFailure(srpStream.ReplaceStream(0, oldLen, dest, size / 2));\r\n        changedInMemory = true;\r\n      }\r\n      finally\r\n      {\r\n        if(dest != IntPtr.Zero)\r\n        {\r\n          Marshal.Release(dest);\r\n        }\r\n      }\r\n    }\r\n  }\r\n}\r\nif( !changedInMemory )\r\n{\r\n  using(FileStream generatedFileStream = File.Open(filePath, FileMode.Create)) // not OpenOrCreate for the file to be truncated if necessary\r\n  {\r\n    generatedFileStream.Write(data, 0, size);\r\n  }\r\n\r\n  EnvDTE.ProjectItem projectItem = fileNode.GetAutomationObject() as EnvDTE.ProjectItem;\r\n  if(projectItem != null && (this.projectMgr.FindChild(fileNode.FileName) == null))\r\n  {\r\n    projectItem.ProjectItems.AddFromFile(filePath);\r\n  }\r\n}\r\nreturn filePath;",
      "PostedDate": "2011-09-07T08:09:11-07:00",
      "Id": -2147483648
    },
    {
      "Message": "",
      "PostedDate": "2013-02-13T19:58:36.517-08:00",
      "Id": -2147483648
    }
  ]
}