{
  "WorkItem": {
    "AffectedComponent": {
      "Name": "",
      "DisplayName": ""
    },
    "ClosedComment": "",
    "ClosedDate": null,
    "CommentCount": 0,
    "Custom": null,
    "Description": "In the Beta 2 release of MPF, ProjectBase.files is missing UIThread.cs and BuildStatus.cs causing any attempted build to fail.  \nAttached is a proposed fix that includes the missing files.",
    "LastUpdatedDate": "2013-02-13T19:58:39.233-08:00",
    "PlannedForRelease": "",
    "ReleaseVisibleToPublic": false,
    "Priority": {
      "Name": "Low",
      "Severity": 50,
      "Id": 1
    },
    "ProjectName": "MPFProj10",
    "ReportedDate": "2010-01-13T09:04:56.347-08:00",
    "Status": {
      "Name": "Proposed",
      "Id": 1
    },
    "ReasonClosed": {
      "Name": "Unassigned"
    },
    "Summary": "ProjectBase.files does not contain all necessary files",
    "Type": {
      "Name": "Issue",
      "Id": 3
    },
    "VoteCount": 3,
    "Id": 6888
  },
  "FileAttachments": [
    {
      "FileId": 2383,
      "FileName": "ProjectBase.files",
      "DownloadUrl": ".\\2383"
    }
  ],
  "Comments": [
    {
      "Message": "The MPFProj-v10.1 also has similar problems. It release doesn't contains references to the following files:\r\n\r\n* DesignTimeAssemblyResolution.cs\r\n* UIThread.cs\r\n\r\nP.S.\r\n  IMHO these bugs in two releases says about bad quality of MPF Project. Please, fix it in the following release.",
      "PostedDate": "2010-04-01T07:17:53.12-07:00",
      "Id": -2147483648
    },
    {
      "Message": "",
      "PostedDate": "2010-04-01T07:17:57.763-07:00",
      "Id": -2147483648
    },
    {
      "Message": "",
      "PostedDate": "2010-09-16T09:37:14-07:00",
      "Id": -2147483648
    },
    {
      "Message": "",
      "PostedDate": "2013-02-13T19:58:39.233-08:00",
      "Id": -2147483648
    }
  ]
}