{
  "WorkItem": {
    "AffectedComponent": {
      "Name": "",
      "DisplayName": ""
    },
    "ClosedComment": "",
    "ClosedDate": null,
    "CommentCount": 0,
    "Custom": null,
    "Description": "The documentation (http://msdn.microsoft.com/en-us/library/envdte.projectitems.item.aspx) says \"The Item method throws a ArgumentException exception if the collection cannot find the object that corresponds to the index or UniqueName value.\"\n \nThere is code (VSExternalResourceProvider.ComputeFullPath - part of the Cider designer) that assumes this does not return null and instead throws ArgumentException.",
    "LastUpdatedDate": "2013-02-13T19:58:37.79-08:00",
    "PlannedForRelease": "",
    "ReleaseVisibleToPublic": false,
    "Priority": {
      "Name": "Low",
      "Severity": 50,
      "Id": 1
    },
    "ProjectName": "MPFProj10",
    "ReportedDate": "2010-08-10T19:21:10.277-07:00",
    "Status": {
      "Name": "Proposed",
      "Id": 1
    },
    "ReasonClosed": {
      "Name": "Unassigned"
    },
    "Summary": "OANavigableProjectItems.Item should throw if the item is not found",
    "Type": {
      "Name": "Issue",
      "Id": 3
    },
    "VoteCount": 3,
    "Id": 9158
  },
  "FileAttachments": [],
  "Comments": [
    {
      "Message": "Thank you for your observation - this really saved my day.\r\nIn addition, I found that in GetListOfProjectItems one needs to exclude ReferenceContainerNode to avoid a crash in VSExternalResourceProvider.get_ResourceUris.",
      "PostedDate": "2010-12-08T10:07:56.717-08:00",
      "Id": -2147483648
    },
    {
      "Message": "",
      "PostedDate": "2010-12-08T10:08:03.853-08:00",
      "Id": -2147483648
    },
    {
      "Message": "",
      "PostedDate": "2013-02-13T19:58:37.79-08:00",
      "Id": -2147483648
    }
  ]
}