[
  {
    "Id": 6594,
    "Title": "Invoking Submission.Execute in the ProjectNode.InvokeMsBuild method hangs the IDE"
  },
  {
    "Id": 6888,
    "Title": "ProjectBase.files does not contain all necessary files"
  },
  {
    "Id": 6889,
    "Title": "ProjectConfig::RefreshReferences throws exception when references virtual node does not exist."
  },
  {
    "Id": 6982,
    "Title": "HierarchyNode.SaveItem doesn't handle cancelling saving to a read-only file correctly."
  },
  {
    "Id": 7182,
    "Title": "UIThread.cs does not compile in Release builds"
  },
  {
    "Id": 7593,
    "Title": "How to process \"SDEProjectExtender.PlatformFamily\" property in OAProperties#Item method?"
  },
  {
    "Id": 8050,
    "Title": "The ProjectPackage#ProductUserContext shouldn't be abstract"
  },
  {
    "Id": 8145,
    "Title": "Drag and drop within a project is broken"
  },
  {
    "Id": 8231,
    "Title": "Rename updates to filename not new Caption name"
  },
  {
    "Id": 8257,
    "Title": "OAAssemblyReference.PublicKeyToken returns incorrect public key token when at least one byte is less than 16"
  },
  {
    "Id": 9158,
    "Title": "OANavigableProjectItems.Item should throw if the item is not found"
  },
  {
    "Id": 9472,
    "Title": "IntegrationTests fail"
  },
  {
    "Id": 9524,
    "Title": "Project load/creation fails if the project file contains items located in subdirecories"
  },
  {
    "Id": 9652,
    "Title": "AssemblyReferenceNode.SetHintPathAndPrivateValue does not work"
  },
  {
    "Id": 9695,
    "Title": "Projects automation objects to not support extenders"
  },
  {
    "Id": 9705,
    "Title": "Cross project cut and paste doesn't work like C#/VB.NET projects"
  },
  {
    "Id": 10029,
    "Title": "Delete Key is not supported for Project FileNode and FolderNodes"
  },
  {
    "Id": 10537,
    "Title": "Navigation from Error Task list doesn't work anymore"
  },
  {
    "Id": 10727,
    "Title": "SingleFileGenerator doesen't truncate the generated file in Iso-Shell"
  },
  {
    "Id": 10728,
    "Title": "SingleFileGenerator generates only the first dependent file"
  },
  {
    "Id": 10801,
    "Title": "Project reference doesn't work correctly if referenced project is in a solution folder"
  },
  {
    "Id": 11274,
    "Title": "OAAssemblyReference.Identity should return BaseReferenceNode.AssemblyName.Name, not FullName"
  },
  {
    "Id": 11347,
    "Title": "Copying nodes with dependent nodes"
  },
  {
    "Id": 11519,
    "Title": "Adding a folder when the folder already exists differs from C#"
  },
  {
    "Id": 11618,
    "Title": "Copy and pasting a folder with multiple items throws an exception (WalkSourceProjectAndAdd adds item to incorrect parent)"
  },
  {
    "Id": 12178,
    "Title": "ProjectConfig.get_CanonicalName returns display name instead of the canonical name"
  },
  {
    "Id": 12424,
    "Title": "Unhandled COMException in internal static method GetActiveConfigurationName(EnvDTE.Project automationObject) of Utilities"
  },
  {
    "Id": 12521,
    "Title": "Folder defined in project templates will not be created physically"
  }
]