{
  "WorkItem": {
    "AffectedComponent": {
      "Name": "",
      "DisplayName": ""
    },
    "ClosedComment": "",
    "ClosedDate": null,
    "CommentCount": 0,
    "Custom": null,
    "Description": "If the project file you are trying to open/create contains references to items located in a subdirectory i.e. <Compile include=\"Properties/AssemblyInfo.cs\"/> the load/create fails with an exception 'operation cannot be continued - the collection has been modified\". This happens if the project file does not have a folder element referencing the subdirectory.\n \nRoot cause: As the ProcessFiles method of the ProjectNode class loops through the project items, when it encounters a file item it validates if a project item exists for a parent subdirectory. If it does not such an item is created, which involves adding an item to the build file. Adding an item to a build file affects the enumerator being used in the loop which causes the exception.\n \nProposed fix: attached is a patch which fixed the issue for me. An alternative way of doing it is to skip adding elements to the build file - I do not think there is any need for a folder element, but trying this approach is too invasive for me to try.",
    "LastUpdatedDate": "2013-02-13T19:58:37.45-08:00",
    "PlannedForRelease": "",
    "ReleaseVisibleToPublic": false,
    "Priority": {
      "Name": "Low",
      "Severity": 50,
      "Id": 1
    },
    "ProjectName": "MPFProj10",
    "ReportedDate": "2010-10-02T18:45:13.573-07:00",
    "Status": {
      "Name": "Proposed",
      "Id": 1
    },
    "ReasonClosed": {
      "Name": "Unassigned"
    },
    "Summary": "Project load/creation fails if the project file contains items located in subdirecories",
    "Type": {
      "Name": "Issue",
      "Id": 3
    },
    "VoteCount": 3,
    "Id": 9524
  },
  "FileAttachments": [
    {
      "FileId": 3511,
      "FileName": "ProjectNode_001.patch",
      "DownloadUrl": ".\\3511"
    }
  ],
  "Comments": []
}