{
  "WorkItem": {
    "AffectedComponent": {
      "Name": "",
      "DisplayName": ""
    },
    "ClosedComment": "",
    "ClosedDate": null,
    "CommentCount": 0,
    "Custom": null,
    "Description": "Requirement: \n      Pressing Del key when the focus is in FileNode/FolderNode at Solution Explorer shall remove the selected item from the project and delete the item from physical disk.\n \nModifications done to MPF source to accomplish the above behavior:\n \nUncomment the following line in the QueryStatusOnNode override of FileNode\n//case VsCommands.Delete: goto case VsCommands.OpenWith;\n \nNote: IVsHierarchyDeleteHandler is implemented in HierarchyNode\n \nAdded the following piece of code in ExecCommandOnNode implementation of FileNode.cs\n \n    if(cmdGroup == VsMenus.guidStandardCommandSet97)\n    {\n         case VsCommands.Delete:\n                MessageBox.Show(\"Del Key Pressed\");\n                return VsConstants.S_OK;\n    }\n \nAfter building the solution, I can see the delete context menu with 'Del' key bonded with the Delete command [possibly cmdiddelete] when i right click the filenode. But pressing the Del key doesn't show the message box.\n \nExpected result:\n      If Del key is pressed when the focus is at FileNode of Solution Explorer, the message \"Del Key Pressed\" should popup.\n \nActual result:\n     The message box \"Del key pressed\" is not poped up. \n \nIt seems like del key binding has some issues with MPF with respect to FileNode and FolderNode.\n \nFollowing are some of the support threads raised in vsx forum,\nhttp://social.msdn.microsoft.com/Forums/en/vsx/thread/1931a5b0-094f-4060-a247-946fb9cda8d8",
    "LastUpdatedDate": "2013-02-13T19:58:36.813-08:00",
    "PlannedForRelease": "",
    "ReleaseVisibleToPublic": false,
    "Priority": {
      "Name": "Low",
      "Severity": 50,
      "Id": 1
    },
    "ProjectName": "MPFProj10",
    "ReportedDate": "2010-12-15T06:12:59.703-08:00",
    "Status": {
      "Name": "Proposed",
      "Id": 1
    },
    "ReasonClosed": {
      "Name": "Unassigned"
    },
    "Summary": "Delete Key is not supported for Project FileNode and FolderNodes",
    "Type": {
      "Name": "Issue",
      "Id": 3
    },
    "VoteCount": 1,
    "Id": 10029
  },
  "FileAttachments": [],
  "Comments": [
    {
      "Message": "Simply add in the constructor of your ProjectNode derived class:\r\nthis.CanProjectDeleteItems = true;",
      "PostedDate": "2011-04-11T01:28:24.393-07:00",
      "Id": -2147483648
    },
    {
      "Message": "Yes, that works!!",
      "PostedDate": "2011-04-14T01:48:40.313-07:00",
      "Id": -2147483648
    },
    {
      "Message": "",
      "PostedDate": "2013-02-13T19:58:36.813-08:00",
      "Id": -2147483648
    }
  ]
}