{
  "WorkItem": {
    "AffectedComponent": {
      "Name": "",
      "DisplayName": ""
    },
    "ClosedComment": "",
    "ClosedDate": null,
    "CommentCount": 0,
    "Custom": null,
    "Description": "Folder (and their contents) will not get created, if they are defined in a vstemplate (project). Instead i had to overwrite the CreateFolderNode method in class ProjectNode.\n\nBut the FolderNotes appear in the Solution Explorer. In fact, they are degraded to some kind of solution folder.\n\nIf an item got dragged or added to the FolderItem, the folder will be created ad hoc.\n(VS 2010 SP1)",
    "LastUpdatedDate": "2013-02-13T19:58:34.79-08:00",
    "PlannedForRelease": "",
    "ReleaseVisibleToPublic": false,
    "Priority": {
      "Name": "Low",
      "Severity": 50,
      "Id": 1
    },
    "ProjectName": "MPFProj10",
    "ReportedDate": "2012-10-24T04:05:23.75-07:00",
    "Status": {
      "Name": "Proposed",
      "Id": 1
    },
    "ReasonClosed": {
      "Name": "Unassigned"
    },
    "Summary": "Folder defined in project templates will not be created physically",
    "Type": {
      "Name": "Issue",
      "Id": 3
    },
    "VoteCount": 1,
    "Id": 12521
  },
  "FileAttachments": [],
  "Comments": []
}