{
  "WorkItem": {
    "AffectedComponent": {
      "Name": "",
      "DisplayName": ""
    },
    "ClosedComment": "",
    "ClosedDate": null,
    "CommentCount": 0,
    "Custom": null,
    "Description": "Currently the automation objects for projects do not support extenders.  This means doing something like project.Extender[\"WebApplication\"] will not work on a project which is flavored w/ web applications (and of course other extenders won't work for other flavored project types).\n \nThe fix for this is pretty simple, these methods on OAProject.cs need to have real implementations such as:\n \n/// <summary>\n/// Gets the requested Extender object if it is available for this object.\n/// </summary>\n/// <param name=\"name\">The name of the extender object.</param>\n/// <returns>An Extender object. </returns>\npublic virtual object get_Extender(string name)\n{\n            return DTE.ObjectExtenders.GetExtender(project.NodeProperties.ExtenderCATID.ToUpper(), name, project.NodeProperties);\n}\n \n/// <summary>\n/// Gets a list of available Extenders for the object.\n/// </summary>\npublic virtual object ExtenderNames\n{\n            get { return DTE.ObjectExtenders.GetExtenderNames(project.NodeProperties.ExtenderCATID.ToUpper(), project.NodeProperties); }\n}\n \n/// <summary>\n/// Gets the Extender category ID (CATID) for the object.\n/// </summary>\npublic virtual string ExtenderCATID\n{\n            get { return project.NodeProperties.ExtenderCATID; }\n}",
    "LastUpdatedDate": "2013-02-13T19:58:37.14-08:00",
    "PlannedForRelease": "",
    "ReleaseVisibleToPublic": false,
    "Priority": {
      "Name": "Low",
      "Severity": 50,
      "Id": 1
    },
    "ProjectName": "MPFProj10",
    "ReportedDate": "2010-10-25T15:56:49.443-07:00",
    "Status": {
      "Name": "Proposed",
      "Id": 1
    },
    "ReasonClosed": {
      "Name": "Unassigned"
    },
    "Summary": "Projects automation objects to not support extenders",
    "Type": {
      "Name": "Issue",
      "Id": 3
    },
    "VoteCount": 1,
    "Id": 9695
  },
  "FileAttachments": [],
  "Comments": []
}