{
  "WorkItem": {
    "AffectedComponent": {
      "Name": "",
      "DisplayName": ""
    },
    "ClosedComment": "",
    "ClosedDate": null,
    "CommentCount": 0,
    "Custom": null,
    "Description": "The above method does not work, because it does not properly set the HintPath property for assemblies that are linked with the Browse button \nin the AddReference dialog.\n \nIt retrieves a list of the references list with the following code:\n   IEnumerable<MSBuild.ProjectItem> references = this.ProjectMgr.BuildProject.GetItems(MsBuildGeneratedItemType.ReferenceCopyLocalPaths);\nthis should be:\n   ICollection<ProjectItemInstance>references = this.ProjectMgr.CurrentConfig.GetItems(MsBuildGeneratedItemType.ReferenceCopyLocalPaths);\n \nand the type of the reference variable in the foreach loop also needs to be adjusted to ProjectItemInstance\n \nRobert",
    "LastUpdatedDate": "2013-02-13T19:58:37.29-08:00",
    "PlannedForRelease": "",
    "ReleaseVisibleToPublic": false,
    "Priority": {
      "Name": "Low",
      "Severity": 50,
      "Id": 1
    },
    "ProjectName": "MPFProj10",
    "ReportedDate": "2010-10-18T07:03:30.92-07:00",
    "Status": {
      "Name": "Proposed",
      "Id": 1
    },
    "ReasonClosed": {
      "Name": "Unassigned"
    },
    "Summary": "AssemblyReferenceNode.SetHintPathAndPrivateValue does not work",
    "Type": {
      "Name": "Issue",
      "Id": 3
    },
    "VoteCount": 1,
    "Id": 9652
  },
  "FileAttachments": [],
  "Comments": [
    {
      "Message": "Are you sure it works?\r\nAfter I changed the codes as you said, I still can't get right hint path. and the count of the reference is 0 all the time. Do I need to change other code path?",
      "PostedDate": "2011-02-22T01:33:34.41-08:00",
      "Id": -2147483648
    },
    {
      "Message": "",
      "PostedDate": "2013-02-13T19:58:37.29-08:00",
      "Id": -2147483648
    }
  ]
}