{
  "WorkItem": {
    "AffectedComponent": {
      "Name": "",
      "DisplayName": ""
    },
    "ClosedComment": "",
    "ClosedDate": null,
    "CommentCount": 0,
    "Custom": null,
    "Description": "Drag and drop within a project is broken.  If you drag a file to a folder then you get the circle w/ a line through it indicating you cannot drop it there - you can't drop it anywhere.\n \nThis appears to me to be related to the \"SourceDraggedOrCutOrCopied\" bool flag.  When we're dragging from VS to VS this flag appears to be set.  ProjectNode.DragEnter then checks if this flag is set and if so doesn't query for the drop data type.  Therefore you get no dragging and dropping.  Removing this check seems to make drag and drop work.",
    "LastUpdatedDate": "2013-02-13T19:58:38.253-08:00",
    "PlannedForRelease": "",
    "ReleaseVisibleToPublic": false,
    "Priority": {
      "Name": "Low",
      "Severity": 50,
      "Id": 1
    },
    "ProjectName": "MPFProj10",
    "ReportedDate": "2010-04-26T16:27:47.337-07:00",
    "Status": {
      "Name": "Proposed",
      "Id": 1
    },
    "ReasonClosed": {
      "Name": "Unassigned"
    },
    "Summary": "Drag and drop within a project is broken",
    "Type": {
      "Name": "Issue",
      "Id": 3
    },
    "VoteCount": 2,
    "Id": 8145
  },
  "FileAttachments": [],
  "Comments": [
    {
      "Message": "I have seen the same problem. Commenting out the lines \r\n        if (this.SourceDraggedOrCutOrCopied)\r\n        {\r\n            return VSConstants.S_OK;\r\n        }\r\nin the ProjectNode.DragEnter method fixes the problem for me\r\n",
      "PostedDate": "2010-09-16T09:27:21.37-07:00",
      "Id": -2147483648
    },
    {
      "Message": "",
      "PostedDate": "2013-02-13T19:58:38.253-08:00",
      "Id": -2147483648
    }
  ]
}