{
  "WorkItem": {
    "AffectedComponent": {
      "Name": "",
      "DisplayName": ""
    },
    "ClosedComment": "",
    "ClosedDate": null,
    "CommentCount": 0,
    "Custom": null,
    "Description": "Select a folder, Project->New Folder, type in a folder name that exists on disk but not in the project system.\n \nIn MPFProj this reports an error that the folder already exists.\n \nIn C# this adds the existing folder.\n \nThe difference here is that MPFProj always immediately adds the folder including attempting to create the directory.  The C# project system waits until the call to SetEditLabel to actually do the work of creating the directory and doesn't care if it already exists.",
    "LastUpdatedDate": "2013-02-13T19:58:35.72-08:00",
    "PlannedForRelease": "",
    "ReleaseVisibleToPublic": false,
    "Priority": {
      "Name": "Low",
      "Severity": 50,
      "Id": 1
    },
    "ProjectName": "MPFProj10",
    "ReportedDate": "2011-12-07T16:03:44.063-08:00",
    "Status": {
      "Name": "Proposed",
      "Id": 1
    },
    "ReasonClosed": {
      "Name": "Unassigned"
    },
    "Summary": "Adding a folder when the folder already exists differs from C#",
    "Type": {
      "Name": "Issue",
      "Id": 3
    },
    "VoteCount": 1,
    "Id": 11519
  },
  "FileAttachments": [],
  "Comments": [
    {
      "Message": "This change set includes my fix for this: http://pytools.codeplex.com/SourceControl/changeset/changes/a24a50158934\r\n",
      "PostedDate": "2011-12-07T16:14:19.053-08:00",
      "Id": -2147483648
    },
    {
      "Message": "The proposed fix has a problem with subordinate folders: the VirtualNodeName is set wrong in this case which leads to the problem that files added to the new subordinate folder A\\B\\C end up in projectdir\\C.\r\n\r\nTo fix, replace the line \r\nthis.VirtualFolderName = filename;\r\nby\r\nthis.VirtualFolderName = Path.Combine(Parent.VirtualFolderName, filename);\r\nin FinishFolderAdd",
      "PostedDate": "2012-01-12T23:57:48.993-08:00",
      "Id": -2147483648
    },
    {
      "Message": "",
      "PostedDate": "2013-02-13T19:58:35.72-08:00",
      "Id": -2147483648
    }
  ]
}