{
  "WorkItem": {
    "AffectedComponent": {
      "Name": "",
      "DisplayName": ""
    },
    "ClosedComment": "",
    "ClosedDate": null,
    "CommentCount": 0,
    "Custom": null,
    "Description": "When I provide my own project type with the following template, exception is thrown as I close projects of my own type.\nException is thrown in Line 404 of Utilities.cs.\nMy project template is like this:\n<Project DefaultTargets=\"Build\" xmlns=\"http://schemas.microsoft.com/developer/msbuild/2003\">\n  <PropertyGroup>\n    <Configuration Condition=\" '$(Configuration)'=='' \">Debug</Configuration>\n    <ConfigurationName Condition=\" '$(ConfigurationName)' == '' \">$(Configuration)</ConfigurationName>\n    <OutputPath Condition=\" '$(OutputPath)'=='' \">output\\Debug</OutputPath>\n  </PropertyGroup>\n  <Target Name=\"Build\">\n    <Message Text=\"It is an empty target.\" />\n  </Target>\n</Project>\n \nThe code where unhandled COMException is thrown.\n \ninternal static string GetActiveConfigurationName(EnvDTE.Project automationObject)\n{\n    if(automationObject == null)\n    {\n        throw new ArgumentNullException(\"automationObject\");\n    }\n    string currentConfigName = string.Empty;\n    if(automationObject.ConfigurationManager != null)\n    {\n>>>>EnvDTE.Configuration activeConfig = automationObject.ConfigurationManager.ActiveConfiguration;\n        if(activeConfig != null)\n        {\n           currentConfigName = activeConfig.ConfigurationName;\n        }\n    }\n    return currentConfigName;\n}",
    "LastUpdatedDate": "2013-02-13T19:58:35.25-08:00",
    "PlannedForRelease": "",
    "ReleaseVisibleToPublic": false,
    "Priority": {
      "Name": "Low",
      "Severity": 50,
      "Id": 1
    },
    "ProjectName": "MPFProj10",
    "ReportedDate": "2012-08-04T21:39:53.72-07:00",
    "Status": {
      "Name": "Proposed",
      "Id": 1
    },
    "ReasonClosed": {
      "Name": "Unassigned"
    },
    "Summary": "Unhandled COMException in internal static method GetActiveConfigurationName(EnvDTE.Project automationObject) of Utilities",
    "Type": {
      "Name": "Issue",
      "Id": 3
    },
    "VoteCount": 1,
    "Id": 12424
  },
  "FileAttachments": [],
  "Comments": []
}