{
  "WorkItem": {
    "AffectedComponent": {
      "Name": "",
      "DisplayName": ""
    },
    "ClosedComment": "",
    "ClosedDate": null,
    "CommentCount": 0,
    "Custom": null,
    "Description": "Hello, All\n \nI don't understand why I should implement this property in my children class because I don't plan to use it. I think this property should have default implementation in parent class and will be virtual.\n \nThanks",
    "LastUpdatedDate": "2013-02-13T19:58:38.43-08:00",
    "PlannedForRelease": "",
    "ReleaseVisibleToPublic": false,
    "Priority": {
      "Name": "Low",
      "Severity": 50,
      "Id": 1
    },
    "ProjectName": "MPFProj10",
    "ReportedDate": "2010-04-16T07:22:28.037-07:00",
    "Status": {
      "Name": "Proposed",
      "Id": 1
    },
    "ReasonClosed": {
      "Name": "Unassigned"
    },
    "Summary": "The ProjectPackage#ProductUserContext shouldn't be abstract",
    "Type": {
      "Name": "Issue",
      "Id": 3
    },
    "VoteCount": 4,
    "Id": 8050
  },
  "FileAttachments": [],
  "Comments": []
}