{
  "WorkItem": {
    "AffectedComponent": {
      "Name": "",
      "DisplayName": ""
    },
    "ClosedComment": "",
    "ClosedDate": null,
    "CommentCount": 0,
    "Custom": null,
    "Description": "In FileNode.cs there's a method RenameDocument(string oldName, string newName).  This method calls DocumentManager.UpdateCaption.  But it calls this with the new filename and it does this before renaming this existing filenode.  The result of this is that if a node's Caption property returns a different value then the filename then the caption is not respected.  So you can have a scenario such as:\n \nNode filename is \"__init__.py\" and the document is open.  The Caption is \"__init.py__ (test)\"  and is displayed as such in both the solution explorer as well as the open document tab.  You rename the file to \"x.py\" and the Caption is now \"x.py\" as well.  You rename it back to \"__init__.py\" and the open document now says \"__init__.py\" while it displays \"__init__.py (test)\" in the solution explorer.\n \nIt seems the correct way for this to behave is to first rename the file (so the caption can be appropriately updated) and then update the caption using:\n \nDocumentManager.UpdateCaption(this.ProjectMgr.Site, Caption, docData);",
    "LastUpdatedDate": "2013-02-13T19:58:38.097-08:00",
    "PlannedForRelease": "",
    "ReleaseVisibleToPublic": false,
    "Priority": {
      "Name": "Low",
      "Severity": 50,
      "Id": 1
    },
    "ProjectName": "MPFProj10",
    "ReportedDate": "2010-05-03T14:45:13.87-07:00",
    "Status": {
      "Name": "Proposed",
      "Id": 1
    },
    "ReasonClosed": {
      "Name": "Unassigned"
    },
    "Summary": "Rename updates to filename not new Caption name",
    "Type": {
      "Name": "Issue",
      "Id": 3
    },
    "VoteCount": 3,
    "Id": 8231
  },
  "FileAttachments": [],
  "Comments": []
}