{
  "WorkItem": {
    "AffectedComponent": {
      "Name": "",
      "DisplayName": ""
    },
    "ClosedComment": "",
    "ClosedDate": null,
    "CommentCount": 0,
    "Custom": null,
    "Description": "1. Create a Solution folder\n3. Create a C# project inside the just created folder.\n4. Create a whatever project using MPF (Visual T# in the attached Image)\n5. Make a reference from MPF project to C# project: an exclamation sign appears. Reference is not resolved and Intellisense does not work!\n \nSee attached image.",
    "LastUpdatedDate": "2013-02-13T19:58:36.203-08:00",
    "PlannedForRelease": "",
    "ReleaseVisibleToPublic": false,
    "Priority": {
      "Name": "Low",
      "Severity": 50,
      "Id": 1
    },
    "ProjectName": "MPFProj10",
    "ReportedDate": "2011-04-18T06:14:02.937-07:00",
    "Status": {
      "Name": "Proposed",
      "Id": 1
    },
    "ReasonClosed": {
      "Name": "Unassigned"
    },
    "Summary": "Project reference doesn't work correctly if referenced project is in a solution folder",
    "Type": {
      "Name": "Issue",
      "Id": 3
    },
    "VoteCount": 1,
    "Id": 10801
  },
  "FileAttachments": [
    {
      "FileId": 4110,
      "FileName": "screen.GIF",
      "DownloadUrl": ".\\4110"
    }
  ],
  "Comments": [
    {
      "Message": "Here is my patche (in ProjectReferenceNode.cs):\r\n\r\n\t\t/// <summary>\r\n\t\t/// Gets the automation object for the referenced project.\r\n\t\t/// </summary>\r\n        internal EnvDTE.Project ReferencedProjectObject\r\n        {\r\n            get\r\n            {\r\n                // If the referenced project is null then re-read.\r\n                if (this.referencedProject == null)\r\n                {\r\n                  // Search for the project in the collection of the projects in the\r\n                  // current solution.\r\n                  EnvDTE.DTE dte = (EnvDTE.DTE)this.ProjectMgr.GetService( typeof( EnvDTE.DTE ) );\r\n                  if( ( null == dte ) || ( null == dte.Solution ) )\r\n                  {\r\n                    return null;\r\n                  }\r\n\r\n                  foreach( EnvDTE.Project prj in dte.Solution.Projects )\r\n                    if( IsOrContainReferencedProject( prj ) )\r\n                      break;\r\n                }\r\n\r\n                return this.referencedProject;\r\n            }\r\n            set\r\n            {\r\n                this.referencedProject = value;\r\n            }\r\n        }\r\n\r\n\r\n        private bool IsOrContainReferencedProject( EnvDTE.Project prj )\r\n        {\r\n          //Skip this project if it is an umodeled project (unloaded)\r\n          if( string.Compare( EnvDTE.Constants.vsProjectKindUnmodeled, prj.Kind, StringComparison.OrdinalIgnoreCase ) == 0 )\r\n          {\r\n            return false;\r\n          }\r\n          if( string.Compare( EnvDTE.Constants.vsProjectKindSolutionItems, prj.Kind, StringComparison.OrdinalIgnoreCase ) == 0 )\r\n          {\r\n            foreach( EnvDTE.ProjectItem projectItem in prj.ProjectItems )\r\n            {\r\n              EnvDTE.Project project = projectItem.Object as EnvDTE.Project;\r\n              if( project != null &&\r\n                  IsOrContainReferencedProject( project ) )\r\n                return true;\r\n            }\r\n            return false;\r\n          }\r\n\r\n          // Get the full path of the current project.\r\n          EnvDTE.Property pathProperty = null;\r\n          try\r\n          {\r\n            if( prj.Properties == null )\r\n            {\r\n              return false;\r\n            }\r\n\r\n            pathProperty = prj.Properties.Item( \"FullPath\" );\r\n            if( null == pathProperty )\r\n            {\r\n              // The full path should alway be availabe, but if this is not the\r\n              // case then we have to skip it.\r\n              return false;\r\n            }\r\n          }\r\n          catch( ArgumentException )\r\n          {\r\n            return false;\r\n          }\r\n          string prjPath = pathProperty.Value.ToString();\r\n          EnvDTE.Property fileNameProperty = null;\r\n          // Get the name of the project file.\r\n          try\r\n          {\r\n            fileNameProperty = prj.Properties.Item( \"FileName\" );\r\n            if( null == fileNameProperty )\r\n            {\r\n              // Again, this should never be the case, but we handle it anyway.\r\n              return false;\r\n            }\r\n          }\r\n          catch( ArgumentException )\r\n          {\r\n            return false;\r\n          }\r\n          prjPath = System.IO.Path.Combine( prjPath, fileNameProperty.Value.ToString() );\r\n\r\n          // If the full path of this project is the same as the one of this\r\n          // reference, then we have found the right project.\r\n          if( NativeMethods.IsSamePath( prjPath, referencedProjectFullPath ) )\r\n          {\r\n            this.referencedProject = prj;\r\n            return true;\r\n          }\r\n          return false;\r\n        }",
      "PostedDate": "2011-04-18T06:55:24.5-07:00",
      "Id": -2147483648
    },
    {
      "Message": "@idubois, What is  NativeMethods.IsSamePath ?",
      "PostedDate": "2012-08-28T05:13:43.503-07:00",
      "Id": -2147483648
    },
    {
      "Message": "@kiquenet, this is a method provided by MPF that compare two paths and returns true iif they are equal.",
      "PostedDate": "2012-08-28T17:31:12.183-07:00",
      "Id": -2147483648
    },
    {
      "Message": "",
      "PostedDate": "2013-02-13T19:58:36.203-08:00",
      "Id": -2147483648
    }
  ]
}