{
  "WorkItem": {
    "AffectedComponent": {
      "Name": "",
      "DisplayName": ""
    },
    "ClosedComment": "",
    "ClosedDate": null,
    "CommentCount": 0,
    "Custom": null,
    "Description": "The method InvokeGenerator(FileNode fileNode) in the class SingleFileGenerator always generate the first file which depends on the main file. Since more than one file could depend on a file we have to fint the correct file to generate. Fix this with the following code:\n \nwhile(dependentNode != null)\n{\n    if (dependentNodeName == ((FileNode)dependentNode).FileName // ADDED LE: Lesta you can have more than one file which DependentUpon filenode but only the first one was generated e.g. a *.diagram file and a code file\n        && string.Compare(dependentNode.ItemNode.GetMetadata(ProjectFileConstants.DependentUpon), fileNode.FileName, StringComparison.OrdinalIgnoreCase) == 0)\n\t{\n\t\tdependentNodeName = ((FileNode)dependentNode).FileName;\n\t\tbreak;\n\t}\n \n\tdependentNode = dependentNode.NextSibling;\n}",
    "LastUpdatedDate": "2013-02-13T19:58:36.36-08:00",
    "PlannedForRelease": "",
    "ReleaseVisibleToPublic": false,
    "Priority": {
      "Name": "Low",
      "Severity": 50,
      "Id": 1
    },
    "ProjectName": "MPFProj10",
    "ReportedDate": "2011-04-11T01:23:22.617-07:00",
    "Status": {
      "Name": "Proposed",
      "Id": 1
    },
    "ReasonClosed": {
      "Name": "Unassigned"
    },
    "Summary": "SingleFileGenerator generates only the first dependent file",
    "Type": {
      "Name": "Issue",
      "Id": 3
    },
    "VoteCount": 1,
    "Id": 10728
  },
  "FileAttachments": [],
  "Comments": []
}