{
  "WorkItem": {
    "AffectedComponent": {
      "Name": "",
      "DisplayName": ""
    },
    "ClosedComment": "",
    "ClosedDate": null,
    "CommentCount": 0,
    "Custom": null,
    "Description": "There is some support for handling of dependent nodes in MPF (e.g. renaming, deleting), but it seems not to be complete.\n \nWhen copying (via clipboard or d&d) a node which has some dependent nodes, MPF currently only copies the parent node.\n \nDid anyone already succeed in fixing this?",
    "LastUpdatedDate": "2013-02-13T19:58:35.883-08:00",
    "PlannedForRelease": "",
    "ReleaseVisibleToPublic": false,
    "Priority": {
      "Name": "Low",
      "Severity": 50,
      "Id": 1
    },
    "ProjectName": "MPFProj10",
    "ReportedDate": "2011-10-10T23:01:21.777-07:00",
    "Status": {
      "Name": "Proposed",
      "Id": 1
    },
    "ReasonClosed": {
      "Name": "Unassigned"
    },
    "Summary": "Copying nodes with dependent nodes",
    "Type": {
      "Name": "Issue",
      "Id": 3
    },
    "VoteCount": 1,
    "Id": 11347
  },
  "FileAttachments": [],
  "Comments": []
}