{
  "WorkItem": {
    "AffectedComponent": {
      "Name": "",
      "DisplayName": ""
    },
    "ClosedComment": "",
    "ClosedDate": null,
    "CommentCount": 0,
    "Custom": null,
    "Description": "Hello, All\n \nI have made project use MPFProj v10.1 for VS2010 and now I have exception in method OAProperties#Item (see attachment). I known about workaround: it is necessary to implement property in own class which should be inherited from ProjectNodeProperties but as you can see I can't create property which contains dot. \n \nCan you recommend way how to fix it problem?\n \nP.S.\n \nI can change OAProperties#Item but I don't want to change your code because I can accidentally overwrite it in the future.",
    "LastUpdatedDate": "2013-02-13T19:58:38.597-08:00",
    "PlannedForRelease": "",
    "ReleaseVisibleToPublic": false,
    "Priority": {
      "Name": "Low",
      "Severity": 50,
      "Id": 1
    },
    "ProjectName": "MPFProj10",
    "ReportedDate": "2010-04-01T07:36:25.277-07:00",
    "Status": {
      "Name": "Proposed",
      "Id": 1
    },
    "ReasonClosed": {
      "Name": "Unassigned"
    },
    "Summary": "How to process \"SDEProjectExtender.PlatformFamily\" property in OAProperties#Item method?",
    "Type": {
      "Name": "Issue",
      "Id": 3
    },
    "VoteCount": 2,
    "Id": 7593
  },
  "FileAttachments": [
    {
      "FileId": 2665,
      "FileName": "MPFProj_error.png",
      "DownloadUrl": ".\\2665"
    }
  ],
  "Comments": []
}