{
  "WorkItem": {
    "AffectedComponent": {
      "Name": "",
      "DisplayName": ""
    },
    "ClosedComment": "",
    "ClosedDate": null,
    "CommentCount": 0,
    "Custom": null,
    "Description": "Currently OAAssemblyReference.PublicKeyToken currently does:\n \nbuilder.AppendFormat(\"{0:x}\", publicKeyToken[i]);\n \nThis is incorrect because if a byte is less than 16 then we only append a single char instead of two chars.  For example the public key token:\nb03f5f7f11d50a3a\n  becomes:\nb03f5f7f11d5a3a\n \nwhich is missing a zero in the middle of the number.\n \nNot only is this the incorrect public key token but it also causes the XAML designer to fail because in VSAssemblyReferenceProvider EnsureAssemblyName there is an assumption that the string is always an even number of characters.  The fix is to format with a minimum of two chars:\n \nbuilder.AppendFormat(\"{0:x2}\", publicKeyToken[i]);",
    "LastUpdatedDate": "2013-02-13T19:58:37.953-08:00",
    "PlannedForRelease": "",
    "ReleaseVisibleToPublic": false,
    "Priority": {
      "Name": "Low",
      "Severity": 50,
      "Id": 1
    },
    "ProjectName": "MPFProj10",
    "ReportedDate": "2010-05-05T14:06:34.74-07:00",
    "Status": {
      "Name": "Proposed",
      "Id": 1
    },
    "ReasonClosed": {
      "Name": "Unassigned"
    },
    "Summary": "OAAssemblyReference.PublicKeyToken returns incorrect public key token when at least one byte is less than 16",
    "Type": {
      "Name": "Issue",
      "Id": 3
    },
    "VoteCount": 3,
    "Id": 8257
  },
  "FileAttachments": [],
  "Comments": []
}