{
  "WorkItem": {
    "AffectedComponent": {
      "Name": "",
      "DisplayName": ""
    },
    "ClosedComment": "",
    "ClosedDate": null,
    "CommentCount": 0,
    "Custom": null,
    "Description": "ProjectNode.CopyPaste contains the following code to recursively add all of the siblings when copying a folder within a project:\n \n\t\t\t\t\t// Then look at siblings\n\t\t\t\t\tcurrentItemID = itemId;\n\t\t\t\t\twhile(currentItemID != VSConstants.VSITEMID_NIL)\n\t\t\t\t\t{\n\t\t\t\t\t\tvariant = null;\n\t\t\t\t\t\tErrorHandler.ThrowOnFailure(sourceHierarchy.GetProperty(itemId, (int)__VSHPROPID.VSHPROPID_NextVisibleSibling, out variant));\n\t\t\t\t\t\tcurrentItemID = (uint)(int)variant;\n\t\t\t\t\t\tWalkSourceProjectAndAdd(sourceHierarchy, currentItemID, targetNode, true);\n\t\t\t\t\t}\n \n \nBut to properly walk the list of siblings it needs to pass currentItemId to sourceHierarchy.GetProperty instead of passing itemId.  By passing itemId it is repeatedly adding the same node multiple times.  Ultimately this results in AddItemWithSpecific returning ADDRESULT_Cancel because of this check:\n \n                    // If the file to be added is an existing file part of the hierarchy then continue.\n                    if (NativeMethods.IsSamePath(file, newFileName))\n                    {\n                        result[0] = VSADDRESULT.ADDRESULT_Cancel;\n                        continue;\n                    }\n \nAnd then AddNodeIfTargetExistInStorage throws an Exception with no message which propagates out to the user.  \n \nChanging to itemId to currentItemId causes the copy and paste to succeed.",
    "LastUpdatedDate": "2013-02-13T19:58:35.57-08:00",
    "PlannedForRelease": "",
    "ReleaseVisibleToPublic": false,
    "Priority": {
      "Name": "Low",
      "Severity": 50,
      "Id": 1
    },
    "ProjectName": "MPFProj10",
    "ReportedDate": "2012-01-12T13:05:56.16-08:00",
    "Status": {
      "Name": "Proposed",
      "Id": 1
    },
    "ReasonClosed": {
      "Name": "Unassigned"
    },
    "Summary": "Copy and pasting a folder with multiple items throws an exception (WalkSourceProjectAndAdd adds item to incorrect parent)",
    "Type": {
      "Name": "Issue",
      "Id": 3
    },
    "VoteCount": 2,
    "Id": 11618
  },
  "FileAttachments": [],
  "Comments": []
}