[
  {
    "Id": "995034",
    "ThreadId": "431637",
    "Html": "Hi Guys,\r<br />\n<br />\nIn my custom project, how do I create project properties (right click on the project node, choose Properties) that would look like C# project properties (or any other project)?\r<br />\n<br />\nWhen I inherit from a SettingsPage it only displays me a &quot;old-style&quot; dialog (almost like Settings menu does).\r<br />\n<br />\nHow do I create my own Property wizard and pages?<br />\n",
    "PostedDate": "2013-01-31T23:32:01.64-08:00",
    "UserRole": null,
    "MarkedAsAnswerDate": null
  }
]