[
  {
    "Id": "428390",
    "Title": "Upgrading VS2010 Isolated Shell Project to use 2012 Isolated Shell",
    "LatestDate": "2013-01-04T11:50:31.093-08:00"
  },
  {
    "Id": "431637",
    "Title": "Project properties",
    "LatestDate": "2013-01-31T23:32:01.64-08:00"
  },
  {
    "Id": "439896",
    "Title": "Portable Class Library project compatibility",
    "LatestDate": "2013-04-11T01:58:32.403-07:00"
  },
  {
    "Id": "471033",
    "Title": "Managed Package Framework for Projects (MPFProj) for VS 2013",
    "LatestDate": "2013-11-25T23:04:50.607-08:00"
  }
]