[
  {
    "Id": "1128631",
    "ThreadId": "471033",
    "Html": "Do you have any plans for releasing the Managed Package Framework for Projects (MPFProj) for VS 2013?\r<br />\n<br />\nRegards,\r<br />\nBogdan<br />\n",
    "PostedDate": "2013-11-25T03:43:32.63-08:00",
    "UserRole": null,
    "MarkedAsAnswerDate": null
  },
  {
    "Id": "1128853",
    "ThreadId": "471033",
    "Html": "I can't speak for the project owners but I can tell you that the code will work with VS 2013.  You may need to update some references to build it under VS 2013 though which I haven't done.  In my case I merged the changes from this release into an updated version of the VS 2010 release that works across all three versions of Visual Studio.  That way I only have to develop for the lowest version and it works across them all without any changes.\r<br />\n<br />\nEric<br />\n",
    "PostedDate": "2013-11-25T10:54:28.38-08:00",
    "UserRole": null,
    "MarkedAsAnswerDate": null
  },
  {
    "Id": "1129038",
    "ThreadId": "471033",
    "Html": "The code works in general, but there are some problems building custom projects that worked perfectly before upgrading. \r<br />\n<br />\nIt looks like the SVsBuildManagerAccessor.BeginDesignTimeBuild() method behaves differently in VS 2013 and the build is not initialized properly. The workaround is to modify the ProjectNode code, to skip the design time build initialization and always use the BuildManager.DefaultBuildManager.BeginBuild() method directly. \r<br />\n<br />\nA possible reason could be that our custom projects still need to target the framework 4.0, but that's just a guess. I need to test with the latest MPFProj to be sure.\r<br />\n<br />\nThanks,\r<br />\nBogdan<br />\n",
    "PostedDate": "2013-11-25T23:04:50.607-08:00",
    "UserRole": null,
    "MarkedAsAnswerDate": null
  }
]