[
  {
    "Id": "1028883",
    "ThreadId": "439896",
    "Html": "Hello,<br />\n<br />\nI'm trying to add a custom mpf11 project as reference to a Portable Class Library, but it failed to add the reference.<br />\n<br />\nMpf11 project is a modified version of the customProject in Samples folder, you can download from Codeplex:<br />\n<br />\n<a href=\"http://mpfproj11.codeplex.com/\" rel=\"nofollow\">http://mpfproj11.codeplex.com/</a><br />\n<br />\nI asked the same question to the Visual Studio Extensibility forum without success.The .myproj tweaked file is added to my post:<br />\n<a href=\"http://social.msdn.microsoft.com/Forums/en-US/vsx/thread/16472b7f-593f-41a3-bf99-154a03349137\" rel=\"nofollow\">http://social.msdn.microsoft.com/Forums/en-US/vsx/thread/16472b7f-593f-41a3-bf99-154a03349137</a><br />\n<br />\nI asked the same to msdn Portable Class Library without success:<br />\n<a href=\"http://social.msdn.microsoft.com/Forums/en-US/netfxbcl/thread/43f93118-d262-4bbb-a184-614e769692a7\" rel=\"nofollow\">http://social.msdn.microsoft.com/Forums/en-US/netfxbcl/thread/43f93118-d262-4bbb-a184-614e769692a7</a><br />\n<br />\nIf someone can give it a try and tell me how to tweak the custom project to be able to add it as a reference to the Portable Class Library.<br />\n<br />\nThanks in advance for your help.<br />\n",
    "PostedDate": "2013-04-11T01:58:32.403-07:00",
    "UserRole": null,
    "MarkedAsAnswerDate": null
  }
]