[
  {
    "Id": "982697",
    "ThreadId": "428390",
    "Html": "\r\n<p>My company has developed an application using the Visual Studio 2010 Isolated Shell and implemented a custom project using mpfproj10. We have a need to upgrade the application to use the Visual Studio 2012 Isolated Shell so I am attempting to convert our\r\n application.</p>\r\n<p>I have installed VS2012, VS2012 SDK and VS2012 Isolated Shell on my system.&nbsp;I have updated the target framework to 4.5 for all C# projects in our application's solution, and updated all references in all C# projects to use VS 11.0 assemblies. (Just\r\n to make sure, I created a new 2012 Isolated Shell test project and compared the references in that project with the references in our project.)</p>\r\n<p>Is updating the project to use mpfproj11 as simple as removing the reference to the mpfproj10's ProjectBase.files file and replacing it with a reference to mpfproj11's ProjectBase.files file? I see two references to the path in my project's csproj file:</p>\r\n<p>&lt;ProjectBasePath&gt;$(SolutionDir)mpfproj10\\&lt;/ProjectBasePath&gt;</p>\r\n<p>&lt;Import Project=&quot;$(SolutionDir)mpfproj10\\ProjectBase.Files&quot; /&gt;</p>\r\n<p>(Interestingly, the &lt;ProjectBasePath&gt; setting had to be modified to include a trailing backslash after opening the solution in VS2012 or the files could not be found.)</p>\r\n<p>Regardless of whether I use the mpfproj10 or mpfproj11 files, when I attempt to add a new item to a project in our application, an exception is thrown in the TrackDocumentsHelper.cs file's GetIVsTrackProjectDocuments2() function. This line always returns\r\n a null:</p>\r\n<p>IVsTrackProjectDocuments2 documentTracker = this.projectMgr.Site.GetService(typeof(SVsTrackProjectDocuments)) as IVsTrackProjectDocuments2;</p>\r\n<p>I have created a post on the MSDN forum for converting an application from using VS2010 Isolated Shell to VS2012 Isolated Shell in hopes that someone would have some knowledge on this subject.</p>\r\n<p><a href=\"http://social.msdn.microsoft.com/Forums/en-US/vsx/thread/f35c4654-bb42-4c43-ac23-01c2cfed2516/\">http://social.msdn.microsoft.com/Forums/en-US/vsx/thread/f35c4654-bb42-4c43-ac23-01c2cfed2516/</a></p>\r\n<p>I have been able to overcome a number of issues so far, but this missing service issue has me confounded right now.</p>\r\n<p>&nbsp;</p>\r\n",
    "PostedDate": "2013-01-03T08:11:38.78-08:00",
    "UserRole": null,
    "MarkedAsAnswerDate": null
  },
  {
    "Id": "982875",
    "ThreadId": "428390",
    "Html": "\r\n<p>OK, I made a bone-headed mistake that caused this issue. In attempting to get rid of some Team Foundation Server menu options that were appearing in 2012 that were not there in 2010, I uncommented the following line in the pkgundef file:</p>\r\n<p>// Visual Studio Source Control Integration Package<br>\r\n// [$RootKey$\\Packages\\{53544C4D-E3F8-4AA0-8195-8A8D16019423}]</p>\r\n<p>Commenting out this line once again has resolved this issue.</p>\r\n",
    "PostedDate": "2013-01-03T16:17:57.477-08:00",
    "UserRole": null,
    "MarkedAsAnswerDate": null
  },
  {
    "Id": "983155",
    "ThreadId": "428390",
    "Html": "\r\n<p>The last issue I had was that my MPF project's references still pointed to Microsoft.VisualStudio.ComponentModelHost for version 10.0. After changing that reference to point to the 11.0 version, I am finally able to build and run projects within our isolated\r\n shell application without issues!&nbsp;Hopefully that is the last problem related to the switch!</p>\r\n",
    "PostedDate": "2013-01-04T11:50:31.093-08:00",
    "UserRole": null,
    "MarkedAsAnswerDate": null
  }
]