{
  "WorkItem": {
    "AffectedComponent": {
      "Name": "",
      "DisplayName": ""
    },
    "ClosedComment": "",
    "ClosedDate": null,
    "CommentCount": 0,
    "Custom": null,
    "Description": "Any project created (including the sample CustomProject) fails in OAProperties.Item while trying to find \"TargetFrameworkMoniker\" property.\n\nTo reproduce:\n- Open a CustomProject\n- Debug it in VS2012 (specify Start External Program -> devenv.exe in project options)",
    "LastUpdatedDate": "2013-09-19T09:02:39.75-07:00",
    "PlannedForRelease": "",
    "ReleaseVisibleToPublic": false,
    "Priority": {
      "Name": "Low",
      "Severity": 50,
      "Id": 1
    },
    "ProjectName": "mpfproj11",
    "ReportedDate": "2013-01-27T18:18:22.247-08:00",
    "Status": {
      "Name": "Proposed",
      "Id": 1
    },
    "ReasonClosed": {
      "Name": "Unassigned"
    },
    "Summary": "TargetFrameworkMoniker property not found",
    "Type": {
      "Name": "Issue",
      "Id": 3
    },
    "VoteCount": 5,
    "Id": 1071
  },
  "FileAttachments": [],
  "Comments": [
    {
      "Message": "I encoutered the same issue. If you find any fix or walkaround, please, write it here.",
      "PostedDate": "2013-02-03T10:54:05.197-08:00",
      "Id": -2147483648
    },
    {
      "Message": "",
      "PostedDate": "2013-02-13T19:36:16.067-08:00",
      "Id": -2147483648
    },
    {
      "Message": "",
      "PostedDate": "2013-02-16T10:12:31.433-08:00",
      "Id": -2147483648
    },
    {
      "Message": "I'm seeing the same problem as well. Any help is appreciated. I'm digging deeper into it.",
      "PostedDate": "2013-02-16T10:13:02.353-08:00",
      "Id": -2147483648
    },
    {
      "Message": "",
      "PostedDate": "2013-03-07T01:13:45.077-08:00",
      "Id": -2147483648
    },
    {
      "Message": "",
      "PostedDate": "2013-05-24T12:00:59.21-07:00",
      "Id": -2147483648
    },
    {
      "Message": "",
      "PostedDate": "2013-09-19T09:02:39.75-07:00",
      "Id": -2147483648
    }
  ]
}