{
  "WorkItem": {
    "AffectedComponent": {
      "Name": "",
      "DisplayName": ""
    },
    "ClosedComment": "",
    "ClosedDate": null,
    "CommentCount": 0,
    "Custom": null,
    "Description": "There's a memory leak caused by MPF and it seems this has been there for a long time (MPF for VS2008/VS2010).  Memory usage increases as we open/close projects multiple times. \n\nClosing a project doesn't release memory even though Dispose is being called on the ProjectNode.  Somehow, the RCW is keeping the ProjectNode alive.\n\nTo reproduce:  run the CustomProject sample in VS2012 experimental hive.  Use any .NET Memory Profiler (ANTS / SciTech etc..).  Create a MyCustomProject, open/close a few times.   You will see multiple instances of MyCustomProjectNode still present in memory.\n\nI've provided a screenshot of SciTech profiler in attachment",
    "LastUpdatedDate": "2013-02-13T19:36:16.63-08:00",
    "PlannedForRelease": "",
    "ReleaseVisibleToPublic": false,
    "Priority": {
      "Name": "Low",
      "Severity": 50,
      "Id": 1
    },
    "ProjectName": "mpfproj11",
    "ReportedDate": "2013-01-18T14:13:40.517-08:00",
    "Status": {
      "Name": "Proposed",
      "Id": 1
    },
    "ReasonClosed": {
      "Name": "Unassigned"
    },
    "Summary": "Memory leak - ProjectNode",
    "Type": {
      "Name": "Issue",
      "Id": 3
    },
    "VoteCount": 1,
    "Id": 1056
  },
  "FileAttachments": [
    {
      "FileId": 377,
      "FileName": "leak_scitech.png",
      "DownloadUrl": ".\\377"
    }
  ],
  "Comments": []
}