{
  "WorkItem": {
    "AffectedComponent": {
      "Name": "",
      "DisplayName": ""
    },
    "ClosedComment": "",
    "ClosedDate": null,
    "CommentCount": 0,
    "Custom": null,
    "Description": "When you have a package that supports custom projects and you try to load a project property page (right click the project and select properties), the load is silently aborted in the 2012 version of the framework. The second line below in ProjectDesignerDocumentManager.cs is generating an InvalidCastException:\n \n    IVsUIHierarchyparentHierarchy = this.Node.ProjectMgr.GetProperty((int)__VSHPROPID.VSHPROPID_ParentHierarchy) asIVsUIHierarchy;\n\n    uintparentHierarchyItemId = (uint)this.Node.ProjectMgr.GetProperty((int)__VSHPROPID.VSHPROPID_ParentHierarchyItemid);\n\nIt appears that the cast to uint has been introduced in the 2012 version, instead of int in the 2010 version. To stop the exception from being thrown, change the code back to use int casts, as was previously the case:\n\n    int parentHierarchyItemId = (int) this.Node.ProjectMgr.GetProperty((int)__VSHPROPID.VSHPROPID_ParentHierarchyItemid);\n\n    ErrorHandler.ThrowOnFailure(uiShellOpenDocument.OpenSpecificEditor(editorFlags, fullPath, refeditorType, physicalView, reflogicalView, caption, parentHierarchy, (uint) parentHierarchyItemId, docDataExisting, serviceProvider, outframe));\n\nThis is a breaking change... even the NestedProject sample no longer runs as you would expect.\n\nLoz.",
    "LastUpdatedDate": "2013-05-12T01:38:38.373-07:00",
    "PlannedForRelease": "",
    "ReleaseVisibleToPublic": false,
    "Priority": {
      "Name": "Unassigned",
      "Severity": 0,
      "Id": 0
    },
    "ProjectName": "mpfproj11",
    "ReportedDate": "2013-05-12T01:38:38.373-07:00",
    "Status": {
      "Name": "Proposed",
      "Id": 1
    },
    "ReasonClosed": {
      "Name": "Unassigned"
    },
    "Summary": "MPF2012 Project Property Page Fails To Load",
    "Type": {
      "Name": "Issue",
      "Id": 3
    },
    "VoteCount": 1,
    "Id": 1227
  },
  "FileAttachments": [],
  "Comments": []
}