{
  "WorkItem": {
    "AffectedComponent": {
      "Name": "",
      "DisplayName": ""
    },
    "ClosedComment": "",
    "ClosedDate": null,
    "CommentCount": 0,
    "Custom": null,
    "Description": "Since solution folders are special projects, simply enumerating the projects on a solution does not give you back projects contained by a solution folder. but in the ReferencedProjectObject property of the ProjectReferenceNode there is such an enumeration.\n\nI quick fixed it for myself, and attached this file.\n\nThanks",
    "LastUpdatedDate": "2015-01-23T03:34:39.9-08:00",
    "PlannedForRelease": "",
    "ReleaseVisibleToPublic": false,
    "Priority": {
      "Name": "Unassigned",
      "Severity": 0,
      "Id": 0
    },
    "ProjectName": "mpfproj11",
    "ReportedDate": "2014-02-13T01:59:32.38-08:00",
    "Status": {
      "Name": "Proposed",
      "Id": 1
    },
    "ReasonClosed": {
      "Name": "Unassigned"
    },
    "Summary": "ProjectReferenceNode appears to be broken if the referenced project is in a solution folder",
    "Type": {
      "Name": "Unassigned",
      "Id": 5
    },
    "VoteCount": 2,
    "Id": 1466
  },
  "FileAttachments": [
    {
      "FileId": 597,
      "FileName": "ProjectReferenceNode.cs",
      "DownloadUrl": ".\\597"
    }
  ],
  "Comments": []
}