{
  "WorkItem": {
    "AffectedComponent": {
      "Name": "",
      "DisplayName": ""
    },
    "ClosedComment": "",
    "ClosedDate": null,
    "CommentCount": 0,
    "Custom": null,
    "Description": "The build logger doesn't enable navigation from the logged error or warning messages in the ErrorList window to the corresponding file and line number. This functionality was available in mpfproj9, but was missing since mpfproj10.\n\nI will upload a patch to fix this. Please incorporate it into the source code.",
    "LastUpdatedDate": "2013-05-03T22:05:46.89-07:00",
    "PlannedForRelease": "",
    "ReleaseVisibleToPublic": false,
    "Priority": {
      "Name": "Unassigned",
      "Severity": 0,
      "Id": 0
    },
    "ProjectName": "mpfproj11",
    "ReportedDate": "2013-05-03T22:05:46.89-07:00",
    "Status": {
      "Name": "Proposed",
      "Id": 1
    },
    "ReasonClosed": {
      "Name": "Unassigned"
    },
    "Summary": "Navigation to the error file/line doesn't work for build messages",
    "Type": {
      "Name": "Issue",
      "Id": 3
    },
    "VoteCount": 1,
    "Id": 1222
  },
  "FileAttachments": [],
  "Comments": []
}