[
  {
    "Id": 1022,
    "Title": "Samples doesn't run from visual studio"
  },
  {
    "Id": 1023,
    "Title": "Fail to build after importing ProjectBase.files"
  },
  {
    "Id": 1056,
    "Title": "Memory leak - ProjectNode"
  },
  {
    "Id": 1071,
    "Title": "TargetFrameworkMoniker property not found"
  },
  {
    "Id": 1170,
    "Title": "Modified collection on ProjectNode.ProcessFiles"
  },
  {
    "Id": 1222,
    "Title": "Navigation to the error file/line doesn't work for build messages"
  },
  {
    "Id": 1227,
    "Title": "MPF2012 Project Property Page Fails To Load"
  },
  {
    "Id": 1232,
    "Title": "OAProperties.Item fails with an exception when a property is not found."
  },
  {
    "Id": 1268,
    "Title": "OAProjectItems.AddFolder doesn't create a new physical folder"
  },
  {
    "Id": 1298,
    "Title": "Error in ProjectFactory class in MPF 11"
  },
  {
    "Id": 1466,
    "Title": "ProjectReferenceNode appears to be broken if the referenced project is in a solution folder"
  },
  {
    "Id": 1510,
    "Title": "IVsSolutionLoadManager don't work when i use it with MPFProjects"
  }
]