{
  "WorkItem": {
    "AffectedComponent": {
      "Name": "",
      "DisplayName": ""
    },
    "ClosedComment": "",
    "ClosedDate": null,
    "CommentCount": 0,
    "Custom": null,
    "Description": "When you try to start solution \"CustomProject\" from VS 2012 it says \"A project with an Output Type of Class Library cannot be started directly.\". I think it happens because project is done in/for VS2010 (there is a string 10.0.20506 in CustomProject.csproj file).How can I convert it into VS2012 VSPackage project?VS 2012 Premium Update 1",
    "LastUpdatedDate": "2013-02-13T19:36:17.047-08:00",
    "PlannedForRelease": "",
    "ReleaseVisibleToPublic": false,
    "Priority": {
      "Name": "Low",
      "Severity": 50,
      "Id": 1
    },
    "ProjectName": "mpfproj11",
    "ReportedDate": "2012-12-28T05:04:48.543-08:00",
    "Status": {
      "Name": "Proposed",
      "Id": 1
    },
    "ReasonClosed": {
      "Name": "Unassigned"
    },
    "Summary": "Samples doesn't run from visual studio",
    "Type": {
      "Name": "Issue",
      "Id": 3
    },
    "VoteCount": 1,
    "Id": 1022
  },
  "FileAttachments": [],
  "Comments": [
    {
      "Message": "You can run this sample within an instance of Visual Studio.  In order to protect your installation, you should use the experimental hive (more info here: http://msdn.microsoft.com/en-us/library/bb166560.aspx)\r\n\r\nProject -> CustomProject properties -> Debug\r\n\r\nSelect \"Start external program\" and type the path to Visual Studio executable\r\n\r\nc:\\Program Files\\Microsoft Visual Studio 11.0\\Common7\\IDE\\devenv.exe\r\n\r\nAdd the following command-line argument:\r\n\r\n/RootSuffix Exp\r\n\r\nHit F5!",
      "PostedDate": "2013-01-19T08:40:41.737-08:00",
      "Id": -2147483648
    },
    {
      "Message": "",
      "PostedDate": "2013-02-13T19:36:17.047-08:00",
      "Id": -2147483648
    }
  ]
}