{
  "WorkItem": {
    "AffectedComponent": {
      "Name": "",
      "DisplayName": ""
    },
    "ClosedComment": "",
    "ClosedDate": null,
    "CommentCount": 0,
    "Custom": null,
    "Description": "I encountered the following error:\nError:    Cannot convert lambda expression to type 'bool' because it is not a delegate type    \\MPFProjectDir\\Dev11\\Src\\CSharp\\ProjectFactory.cs    72    120    \nat the following line of code:\n```\nprivate static readonly Lazy<IVsTaskSchedulerService> taskSchedulerService = new Lazy<IVsTaskSchedulerService>(() => Package.GetGlobalService(typeof(SVsTaskSchedulerService)) as IVsTaskSchedulerService);\n```\n\nAnd also the error:\nError    108    An object reference is required for the non-static field, method, or property 'Microsoft.VisualStudio.Project.ProjectFactory.Package.get'     \\MPFProjectDir\\Dev11\\Src\\CSharp\\ProjectFactory.cs    72    126    \n\nat the same line",
    "LastUpdatedDate": "2013-08-20T04:49:33.94-07:00",
    "PlannedForRelease": "",
    "ReleaseVisibleToPublic": false,
    "Priority": {
      "Name": "Unassigned",
      "Severity": 0,
      "Id": 0
    },
    "ProjectName": "mpfproj11",
    "ReportedDate": "2013-08-20T04:49:33.94-07:00",
    "Status": {
      "Name": "Proposed",
      "Id": 1
    },
    "ReasonClosed": {
      "Name": "Unassigned"
    },
    "Summary": "Error in ProjectFactory class in MPF 11",
    "Type": {
      "Name": "Unassigned",
      "Id": 5
    },
    "VoteCount": 1,
    "Id": 1298
  },
  "FileAttachments": [],
  "Comments": []
}