{
  "WorkItem": {
    "AffectedComponent": {
      "Name": "",
      "DisplayName": ""
    },
    "ClosedComment": "",
    "ClosedDate": null,
    "CommentCount": 0,
    "Custom": null,
    "Description": "How to reproduce:1. Create new VS Package Project2. Unload project3. Add  tag4. Reload project5. Make sure that ProjectBase folder added to project6. Build solution7. Get error \"An assembly with the same identity 'EnvDTE80, Version=8.0.0.0, Culture=neutral, PublicKeyToken=b03f5f7f11d50a3a' has already been imported. Try removing one of the duplicate references.\" (c:\\Program Files (x86)\\Microsoft Visual Studio 10.0\\Common7\\IDE\\PublicAssemblies\\EnvDTE80.dll)Deleting EnvDTE80 from project references doesn't help.Commenting EnvDTE80 in ProjectBase.files file doesn't help too.VS 2012 Premium Update 1",
    "LastUpdatedDate": "2013-02-13T19:36:16.807-08:00",
    "PlannedForRelease": "",
    "ReleaseVisibleToPublic": false,
    "Priority": {
      "Name": "Low",
      "Severity": 50,
      "Id": 1
    },
    "ProjectName": "mpfproj11",
    "ReportedDate": "2012-12-28T06:51:40.53-08:00",
    "Status": {
      "Name": "Proposed",
      "Id": 1
    },
    "ReasonClosed": {
      "Name": "Unassigned"
    },
    "Summary": "Fail to build after importing ProjectBase.files",
    "Type": {
      "Name": "Issue",
      "Id": 3
    },
    "VoteCount": 1,
    "Id": 1023
  },
  "FileAttachments": [],
  "Comments": [
    {
      "Message": "Managed to solve this problem. In order to use MPF with visual studio 2012 you need to do the following:\n1. In ProjectBase.files file comment\n'''\n<Reference Include=\"EnvDTE80\">\n      <HintPath>EnvDTE80.dll</HintPath>\n      <Name>EnvDTE80</Name>\n      <SpecificVersion>False</SpecificVersion>\n      <Aliases>global</Aliases>\n</Reference>\n'''\n2. Add next references\n'''\n<Reference Include=\"Microsoft.VisualStudio.Designer.Interfaces, Version=1.0.5000.0, Culture=neutral, PublicKeyToken=b03f5f7f11d50a3a\" />\n<Reference Include=\"WindowsBase\" />\n<Reference Include=\"Microsoft.Build.Tasks.v4.0\" />\n'''\r\n\r\nAfter that all build errors are gone.",
      "PostedDate": "2013-01-11T13:21:35.32-08:00",
      "Id": -2147483648
    },
    {
      "Message": "",
      "PostedDate": "2013-02-13T19:36:16.807-08:00",
      "Id": -2147483648
    }
  ]
}