{
  "WorkItem": {
    "AffectedComponent": {
      "Name": "",
      "DisplayName": ""
    },
    "ClosedComment": "",
    "ClosedDate": null,
    "CommentCount": 0,
    "Custom": null,
    "Description": "Hello,\nI tried to use OAProjectItems.AddFolder  to create a new foldernode with a new physical folder,but even optional parameter set to Microsoft.VisualStudio.VSConstants.ItemTypeGuid.PhysicalFolder_string it doesn't create the physical folder.\nThanks in advance to help me to solve the problem.",
    "LastUpdatedDate": "2013-07-02T11:02:48.11-07:00",
    "PlannedForRelease": "",
    "ReleaseVisibleToPublic": false,
    "Priority": {
      "Name": "Unassigned",
      "Severity": 0,
      "Id": 0
    },
    "ProjectName": "mpfproj11",
    "ReportedDate": "2013-07-02T11:02:48.11-07:00",
    "Status": {
      "Name": "Proposed",
      "Id": 1
    },
    "ReasonClosed": {
      "Name": "Unassigned"
    },
    "Summary": "OAProjectItems.AddFolder doesn't create a new physical folder",
    "Type": {
      "Name": "Unassigned",
      "Id": 5
    },
    "VoteCount": 1,
    "Id": 1268
  },
  "FileAttachments": [],
  "Comments": []
}