{
  "WorkItem": {
    "AffectedComponent": {
      "Name": "",
      "DisplayName": ""
    },
    "ClosedComment": "",
    "ClosedDate": null,
    "CommentCount": 0,
    "Custom": null,
    "Description": "It appears that an exception is thrown unnecessarily when a property is not found by the Item method in OAProperties.cs. Ideally, the method should do the following:\n\n    return new OANullProperty(null);\n\nThis appears to have been documented previously, but not fixed. Various source code archives suggest this is a known issue since the 2008 version. See here for more:\n\n    http://visual-studio.itags.org/q_visual-studio_62097.html\n\nand my report:\n\n    http://social.msdn.microsoft.com/Forums/en-US/vsx/thread/337290f6-15a4-43f8-aa83-077a190c335d\n\nLoz.",
    "LastUpdatedDate": "2013-06-16T08:42:48.03-07:00",
    "PlannedForRelease": "",
    "ReleaseVisibleToPublic": false,
    "Priority": {
      "Name": "Unassigned",
      "Severity": 0,
      "Id": 0
    },
    "ProjectName": "mpfproj11",
    "ReportedDate": "2013-05-27T09:42:36.34-07:00",
    "Status": {
      "Name": "Proposed",
      "Id": 1
    },
    "ReasonClosed": {
      "Name": "Unassigned"
    },
    "Summary": "OAProperties.Item fails with an exception when a property is not found.",
    "Type": {
      "Name": "Unassigned",
      "Id": 5
    },
    "VoteCount": 3,
    "Id": 1232
  },
  "FileAttachments": [],
  "Comments": []
}