{
  "WorkItem": {
    "AffectedComponent": {
      "Name": "",
      "DisplayName": ""
    },
    "ClosedComment": "",
    "ClosedDate": null,
    "CommentCount": 0,
    "Custom": null,
    "Description": "IVsSolutionLoadManager don't work when i use it with MPFProjects.",
    "LastUpdatedDate": "2014-05-12T05:42:12.543-07:00",
    "PlannedForRelease": "",
    "ReleaseVisibleToPublic": false,
    "Priority": {
      "Name": "Unassigned",
      "Severity": 0,
      "Id": 0
    },
    "ProjectName": "mpfproj11",
    "ReportedDate": "2014-05-12T05:42:12.543-07:00",
    "Status": {
      "Name": "Proposed",
      "Id": 1
    },
    "ReasonClosed": {
      "Name": "Unassigned"
    },
    "Summary": "IVsSolutionLoadManager don't work when i use it with MPFProjects",
    "Type": {
      "Name": "Unassigned",
      "Id": 5
    },
    "VoteCount": 1,
    "Id": 1510
  },
  "FileAttachments": [],
  "Comments": []
}