{
  "WorkItem": {
    "AffectedComponent": {
      "Name": "",
      "DisplayName": ""
    },
    "ClosedComment": "",
    "ClosedDate": null,
    "CommentCount": 0,
    "Custom": null,
    "Description": "I'm creating a C# custom project flavor, all works fine until I try to load a project that uses the custom flavor.\nAround line 3751, the collection buildProject.Items is modified and the foreach loop throws and exception.\n\nI managed to fix changing from:\n```\n            foreach (MSBuild.ProjectItem item in this.buildProject.Items)\n```\nTo\n```\n            for (int i = 0; i < this.buildProject.Items.Count; i++)\n            {\n                MSBuild.ProjectItem item = this.buildProject.Items.ElementAt(i);\n```\nBut I don't know if this can cause further issues. I'm doing something wrong or this is a MPF bug?",
    "LastUpdatedDate": "2013-10-24T06:23:34.257-07:00",
    "PlannedForRelease": "",
    "ReleaseVisibleToPublic": false,
    "Priority": {
      "Name": "Unassigned",
      "Severity": 0,
      "Id": 0
    },
    "ProjectName": "mpfproj11",
    "ReportedDate": "2013-04-14T05:21:51.72-07:00",
    "Status": {
      "Name": "Proposed",
      "Id": 1
    },
    "ReasonClosed": {
      "Name": "Unassigned"
    },
    "Summary": "Modified collection on ProjectNode.ProcessFiles",
    "Type": {
      "Name": "Issue",
      "Id": 3
    },
    "VoteCount": 2,
    "Id": 1170
  },
  "FileAttachments": [],
  "Comments": [
    {
      "Message": "I see the exact same issue.  And greenboxal's workaround does the trick for me too.",
      "PostedDate": "2013-10-21T12:36:25.183-07:00",
      "Id": -2147483648
    },
    {
      "Message": "",
      "PostedDate": "2013-10-24T06:19:30.34-07:00",
      "Id": -2147483648
    },
    {
      "Message": "I had the same issue, and the same workaround works for me, too.",
      "PostedDate": "2013-10-24T06:23:34.257-07:00",
      "Id": -2147483648
    }
  ]
}