[
  {
    "Id": "244983",
    "ThreadId": "71792",
    "Html": "<p>Hi,</p>\r\n<p>My team use a custom project type and I want to add custom properties to the properties window depending on the file extension or file type. e.g. if its a css file then I want to see an extra property that is specific to that file type. Same would apply to js files etc.</p>\r\n<p>So we have our own version of the <span style=\"color:#2b91af;font-size:x-small\"><span style=\"color:#2b91af;font-size:x-small\">SingleFileGeneratorNodeProperties</span></span> class which allows us to add properties, but this will mean that these properties are available for all file types, when we would like to make them specific as mentioned above.</p>\r\n<p>Please help.</p>\r\n<p>Thanks,</p>\r\n<p>Mike</p>\r\n<p>&nbsp;</p>",
    "PostedDate": "2009-10-13T02:50:34.96-07:00",
    "UserRole": null,
    "MarkedAsAnswerDate": null
  },
  {
    "Id": "244986",
    "ThreadId": "71792",
    "Html": "<p>Hi Mike,</p>\r\n<p>I'm not I understood the situation yet, so I'd like to ask some questions to understand it:</p>\r\n<p>1. Do you use custom project type based or you extend C# or other project types?</p>\r\n<p>2. In case your answer for Q1 - did you tried to create different custom FileNode inheritors and override NodeProperties for them with specific set of properties for different file types?</p>\r\n<p>Best wishes,</p>\r\n<p>Dmitry Pavlov</p>",
    "PostedDate": "2009-10-13T03:02:52.46-07:00",
    "UserRole": "Developer",
    "MarkedAsAnswerDate": null
  },
  {
    "Id": "245010",
    "ThreadId": "71792",
    "Html": "<p>Hi Dmitry,</p>\r\n<p>We&nbsp;use a custom project type.</p>\r\n<p>Your suggestion in point 2 is exactly what I was looking for!</p>\r\n<p>Thanks very much!</p>\r\n<p>Mike</p>",
    "PostedDate": "2009-10-13T04:12:35.933-07:00",
    "UserRole": null,
    "MarkedAsAnswerDate": null
  },
  {
    "Id": "245013",
    "ThreadId": "71792",
    "Html": "<p>You are welcome, Mike!</p>\r\n<p>1. You should write in you custom project class code like this:</p>\r\n<p>public override FileNode CreateFileNode(ProjectElement item)<br>&nbsp;&nbsp;&nbsp; {<br>&nbsp;&nbsp;&nbsp;&nbsp;&nbsp; if (item == null)<br>&nbsp;&nbsp;&nbsp;&nbsp;&nbsp; {<br>&nbsp;&nbsp;&nbsp;&nbsp;&nbsp;&nbsp;&nbsp; throw new ArgumentNullException(&quot;item&quot;);<br>&nbsp;&nbsp;&nbsp;&nbsp;&nbsp; }<br>&nbsp;&nbsp;&nbsp;&nbsp;&nbsp; return new YourCustomFileNode(this, item);<br>&nbsp;&nbsp;&nbsp; }</p>\r\n<p>2. Inherit YourCustomFileNode class from MPF FileNode class</p>\r\n<p>3. Override NodeProperties creation in custom file node:</p>\r\n<p>protected override NodeProperties CreatePropertiesObject()<br>&nbsp;&nbsp;&nbsp; {<br>&nbsp;&nbsp;&nbsp;&nbsp;&nbsp; return new YourCustomFileNodeProperties(this);<br>&nbsp;&nbsp;&nbsp; }</p>\r\n<p>4. And inherit YourCustomFileNodeProperties from MPF FileNodeProperties class</p>\r\n<p>NOTE: I'm not sure it is correct but I remember right I had problems with custom properties class until I added this property to it:</p>\r\n<p>&nbsp;&nbsp;&nbsp;&nbsp; [Browsable(false)]<br>&nbsp;&nbsp; &nbsp;&nbsp;&nbsp; &nbsp;public string SubType<br>&nbsp;&nbsp; &nbsp;&nbsp;&nbsp; &nbsp;{<br>&nbsp;&nbsp; &nbsp;&nbsp;&nbsp; &nbsp;&nbsp;&nbsp; &nbsp;get<br>&nbsp;&nbsp; &nbsp;&nbsp;&nbsp; &nbsp;&nbsp;&nbsp; &nbsp;{<br>&nbsp;&nbsp; &nbsp;&nbsp;&nbsp; &nbsp;&nbsp;&nbsp; &nbsp;&nbsp;&nbsp; &nbsp;return Node.SubType;<br>&nbsp;&nbsp; &nbsp;&nbsp;&nbsp; &nbsp;&nbsp;&nbsp; &nbsp;}<br>&nbsp;&nbsp; &nbsp;&nbsp;&nbsp; &nbsp;&nbsp;&nbsp; &nbsp;set<br>&nbsp;&nbsp; &nbsp;&nbsp;&nbsp; &nbsp;&nbsp;&nbsp; &nbsp;{<br>&nbsp;&nbsp; &nbsp;&nbsp;&nbsp; &nbsp;&nbsp;&nbsp; &nbsp;&nbsp;&nbsp; &nbsp;Node.SubType = value;<br>&nbsp;&nbsp; &nbsp;&nbsp;&nbsp; &nbsp;&nbsp;&nbsp; &nbsp;}<br>&nbsp;&nbsp; &nbsp;&nbsp;&nbsp; &nbsp;}</p>\r\n<p>Hope that saves the time.</p>\r\n<p>Another tip - to understand how to expose properties - look at the implementation of some MPF NodeProperties class inheritors.</p>\r\n<p>&nbsp;</p>\r\n<p>Best wishes,</p>\r\n<p>Dmitry Pavlov</p>",
    "PostedDate": "2009-10-13T04:26:06.207-07:00",
    "UserRole": "Developer",
    "MarkedAsAnswerDate": null
  }
]