[
  {
    "Id": "160265",
    "ThreadId": "48036",
    "Html": "I am creating a Custom Project.  I followed mostly the WOW example.<div><br></div><div>However, my Build Solution command fails with and &quot;Unexpected Error&quot; and I have no Project specific build commands.  What am I missing?</div><div><br></div><div>My code is similar enough to the WOW Studio example, but it has Build enabled my does not.</div><div><br></div><div>Are their specific functions needed, specific properties etc. to show this is a buildable project?  </div><div><br></div><div>This is not using .NET it has custom MSBuild targets.  The project file does build using MSBuild from the command line.  I just cannot get the menus to show.</div><div><br></div><div><br></div><div><br></div>",
    "PostedDate": "2009-02-20T12:06:21.743-08:00",
    "UserRole": null,
    "MarkedAsAnswerDate": null
  }
]