[
  {
    "Id": "38649",
    "Title": "Who can help me with starting contribution?",
    "LatestDate": "2008-10-27T23:36:01.323-07:00"
  },
  {
    "Id": "40745",
    "Title": "Haw I can get permission to commit changes?",
    "LatestDate": "2008-11-25T07:31:08.77-08:00"
  },
  {
    "Id": "42981",
    "Title": "Running the debugger without compiling the project",
    "LatestDate": "2008-12-24T07:19:23.12-08:00"
  },
  {
    "Id": "43541",
    "Title": "How to hide files from the Solution Explorer",
    "LatestDate": "2009-01-06T08:33:10.31-08:00"
  },
  {
    "Id": "48036",
    "Title": "Build commands",
    "LatestDate": "2009-02-20T12:06:21.743-08:00"
  },
  {
    "Id": "54726",
    "Title": "Flavored \"Outer\" Project",
    "LatestDate": "2009-05-01T11:15:11.113-07:00"
  },
  {
    "Id": "56881",
    "Title": "How to control the contex menu over the FileNode",
    "LatestDate": "2009-05-20T01:15:03.223-07:00"
  },
  {
    "Id": "71792",
    "Title": "Customise properties for certain file types",
    "LatestDate": "2009-10-13T04:26:06.207-07:00"
  },
  {
    "Id": "83793",
    "Title": "For Visual Studio 2010, please use site : http://mpfproj10.codeplex.com/ ",
    "LatestDate": "2010-02-09T11:35:51.14-08:00"
  },
  {
    "Id": "513620",
    "Title": "Need help with MSFProj",
    "LatestDate": "2014-01-21T22:23:10.58-08:00"
  },
  {
    "Id": "541100",
    "Title": "Cross-version MPF projects",
    "LatestDate": "2014-04-03T14:48:57.353-07:00"
  },
  {
    "Id": "651863",
    "Title": "Issue with Colorizer after migrating from VSSDK 2010 to VSSDK 2015",
    "LatestDate": "2016-03-01T14:56:34.63-08:00"
  }
]