[
  {
    "Id": "184553",
    "ThreadId": "54726",
    "Html": "Why does MPF only support &quot;Inner&quot; &quot;REAL&quot; custom Projects and NOT Flavored &quot;Outer&quot; Project like  FlavoredProjectFactoryBase/FlavoredProjectBase from VS 2008 SDK. In other words why are these in seperate SDK's?\r\n",
    "PostedDate": "2009-04-28T08:10:11.467-07:00",
    "UserRole": null,
    "MarkedAsAnswerDate": null
  },
  {
    "Id": "185955",
    "ThreadId": "54726",
    "Html": "It appears MPF (Managed Package Framework) is much larger than just MPFProj (<strong>Microsoft.VisualStudio.Package</strong>). MPFProj is ONLY used for &quot;Inner&quot; &quot;REAL&quot; custom Projects. If you want to flavor MPFProj will not help.\r\n",
    "PostedDate": "2009-05-01T11:15:11.113-07:00",
    "UserRole": null,
    "MarkedAsAnswerDate": null
  }
]