[
  {
    "Id": "128206",
    "ThreadId": "38649",
    "Html": "<span style=\"font-size:12pt;font-family:'times new roman','serif'\">Hello,<br>\r\n</span>\r\n<p style=\"margin-bottom:0.0001pt;line-height:normal\"><span style=\"font-size:12pt;font-family:'times new roman','serif'\">I’m interesting in who can help me to start contributing?</span></p>\r\n<p style=\"margin-bottom:0.0001pt;line-height:normal\"><span style=\"font-size:12pt;font-family:'times new roman','serif'\">I have signed Assignment Agreement covering my contribution to the Visual Studio Managed Package Framework for MPFProj. And I’ve been informed by Jennifer Crow [Contribution Assignment Administrator from Source Asset Management] about receiving my signed Assignment Agreement.</span></p>\r\n<p style=\"margin-bottom:0.0001pt;line-height:normal\"><span style=\"font-size:12pt;font-family:'times new roman','serif'\">She also said me following: “Please send any questions regarding this agreement or the project itself to the project owner by submitting a discussion item to the project’s discussion board.”</span></p>\r\n<p style=\"margin-bottom:0.0001pt;line-height:normal\"><span style=\"font-size:12pt;font-family:'times new roman','serif'\">What are next steps?</span></p>\r\n<p style=\"margin-bottom:0.0001pt;line-height:normal\"><span style=\"font-size:12pt;font-family:'times new roman','serif'\">Best wishes, <br>\r\n</span></p>\r\n<p style=\"margin-bottom:0.0001pt;line-height:normal\"><span style=\"font-size:12pt;font-family:'times new roman','serif'\">Dmitry Pavlov<br>\r\n</span></p>\r\n",
    "PostedDate": "2008-10-27T23:36:01.323-07:00",
    "UserRole": "Developer",
    "MarkedAsAnswerDate": null
  }
]