[
  {
    "Id": "1464908",
    "ThreadId": "651863",
    "Html": "Hi Guys\r<br />\n<br />\nI think where the problem can be. I had a vs extension project with language service which was working OK in VS 2010 but when I updgreded the project to use VSSDK 2015 the colorizer stopped working. Seems the extention work OK and returning Color info and Token info correctly and VS requesting the information about colors but the text is still shown in grey color.\r<br />\n<br />\nAny help would be appreciated.<br />\n",
    "PostedDate": "2016-02-28T12:32:20.707-08:00",
    "UserRole": null,
    "MarkedAsAnswerDate": null
  },
  {
    "Id": "1465084",
    "ThreadId": "651863",
    "Html": "Maybe something related to <a href=\"https://msdn.microsoft.com/en-us/library/microsoft.visualstudio.textmanager.interop.ivsprovidecolorableitems.aspx\" rel=\"nofollow\">Notes to Implementers</a>?<br />\n",
    "PostedDate": "2016-02-29T21:19:23.717-08:00",
    "UserRole": "Developer",
    "MarkedAsAnswerDate": null
  },
  {
    "Id": "1465172",
    "ThreadId": "651863",
    "Html": "here is the solution to solve the issue\r<br />\n<br />\nIVsFontAndColorCacheManager mgr = this.GetService(typeof(SVsFontAndColorCacheManager)) as IVsFontAndColorCacheManager;\r<br />\nmgr.ClearAllCaches();<br />\n",
    "PostedDate": "2016-03-01T14:56:34.63-08:00",
    "UserRole": null,
    "MarkedAsAnswerDate": null
  }
]