[
  {
    "Id": "144730",
    "ThreadId": "43541",
    "Html": "I developed CustomProject based on MPFProj.<br>\r\nMy project template contains files that I want to hide from Solution Explorer. (Assume that All the files with specific extension should be hidden)<br>\r\nHowever those files logically must be included in the project system<br>\r\nHow can I do it easily?<br>\r\nThanks, <br>\r\n    Aviram.<br>\r\n",
    "PostedDate": "2009-01-06T08:33:10.31-08:00",
    "UserRole": null,
    "MarkedAsAnswerDate": null
  }
]