[
  {
    "Id": "1183423",
    "ThreadId": "513620",
    "Html": "Hello, \r<br />\n<br />\nI am trying to create a new project template that could allow me to do the following:\r<br />\n<br />\n1-\tTotally new project type (not under C#, VB, C++ or anything like that)\r<br />\n2-\tIt would have its own items. For instance, when creating a project and right click over it and select “Add-&gt;New Item” I don’t want to see other files like .cs or .vb or anything like that. Just my files.\r<br />\n3-\tWhen I press “Build”, instead of using MSBuild, I use my own compiler/application\r<br />\n4-\tIf possible, disable/remove all menu/toolbar items that don’t make sense for us (i.e. debug)\r<br />\n<br />\n<br />\nIs this possible? If yes, then how :)?\r<br />\n<br />\n<br />\nThank you so much,\r<br />\nMu<br />\n",
    "PostedDate": "2014-01-19T23:50:45.74-08:00",
    "UserRole": null,
    "MarkedAsAnswerDate": null
  },
  {
    "Id": "1183898",
    "ThreadId": "513620",
    "Html": "Hi Mu, <br />\n<ol>\n<li>\nThis about how to create a new custom project type - <a href=\"http://msdn.microsoft.com/en-us/library/cc512961.aspx\" rel=\"nofollow\">Walkthrough: Part 1 - Creating a Basic Project System</a> and <a href=\"http://msdn.microsoft.com/en-us/library/cc826178.aspx\" rel=\"nofollow\">Walkthrough: Part 2 - Creating a Basic Project System</a><br />\n</li>\n<li>\nSee the walkthroughs above. All stuff you see in Add new dialog is apper from Project and Item templates (aka 'vstemplate'). NOte that in addution to custom project type (for all stuff related to Soolution Explorer and project things management) you will need to create custom language service (for syntax highlighting, associating yout custom file types with your new Language, which is linked to your vstemplates. etc.., Tools -&gt; Options -&gt; Language settings, etc..). Search for Microsoft.VisualStudio.Package.LanguageService to start<br />\n</li>\n<li>\nYou will need to create your custom msbuild targets file (xml + dll with custom commands running your compiler) and refer this .targets  file in yout custom project file template (to make it visible for your custom project type). So you will develop custom tasks for Build, Clean, etc.. All of them will be inherited from MsBuild class  ToolTask. And you will need to prepare custom XML file YourProject.targets which override starndard MSBuild commans like Compile - &lt;Target Name=&quot;Compile&quot; DependsOnTargets=&quot;&quot;&gt; and &lt;Target Name=&quot;ReBuild&quot; DependsOnTargets=&quot;Clean;Build&quot;&gt; and &lt;Target Name=&quot;Clean&quot;&gt; etc..<br />\n</li>\n<li>\nTo Run your application (your custom 'code' files by F5 in Visual Studio) you need to have CustomProjectConfig : ProjectConfig (inherited from base MPF ProjectConfig class, which you provide an instance in CustomConfigProvider : ConfigProvider ). So F5 will call this method in your CustomProjectConfig  &quot;public override int DebugLaunch(uint flags) {...}&quot; <br />\n</li>\n</ol>\nA bit more details about for enabling/disabling the standard commands. In your class CustomProjectNode : ProjectNode you can control what commands to enable / disable and how to handle them. As a starting point use these method names to search the relevant documentation:<br />\n<ul>\n<li>public override int QueryStatusCommand(uint itemId, ref Guid guidCmdGroup, uint cCmds, OLECMD[] cmds, IntPtr pCmdText)</li>\n<li>protected override QueryStatusResult QueryStatusSelectionOnNodes(IList&lt;HierarchyNode&gt; selectedNodes,</li>\n<li>protected override int ExecCommandIndependentOfSelection(Guid guidCmdGroup, uint cmdId, uint cmdExecOpt, IntPtr vaIn, IntPtr vaOut, CommandOrigin commandOrigin, out bool handled)</li>\n<li>\nprotected override int ExecCommandThatDependsOnSelectedNodes(Guid guidCmdGroup,<br />\n</li>\n</ul>\nHope you got you have enough information for further investigation. <br />\n",
    "PostedDate": "2014-01-20T02:56:15.69-08:00",
    "UserRole": "Developer",
    "MarkedAsAnswerDate": "2014-01-20T06:25:20.273-08:00"
  },
  {
    "Id": "1184304",
    "ThreadId": "513620",
    "Html": "\r\n<div>I would definitely check that out. Thank you so much :)<br>\r\n<br>\r\n</div>\r\n<div><br>\r\n</div>\r\n",
    "PostedDate": "2014-01-20T05:15:16.47-08:00",
    "UserRole": null,
    "MarkedAsAnswerDate": null
  },
  {
    "Id": "1186119",
    "ThreadId": "513620",
    "Html": "Hey, I looked at that but still not able to understand how can I add my own files? I don't want to create a new language service, I just want to be able to add specific file types to my new project type.\r<br />\n<br />\nFor instance, when I right click on the project and choose Add-&gt;New Item, I only get the files types I designed (i.e. &quot;.myfile&quot; file type)<br />\n",
    "PostedDate": "2014-01-20T20:47:06.003-08:00",
    "UserRole": null,
    "MarkedAsAnswerDate": null
  },
  {
    "Id": "1186133",
    "ThreadId": "513620",
    "Html": "Also the created project produces exe and it uses MSBuild. How can I change that:\r<br />\n<br />\n&lt;Project DefaultTargets=&quot;Build&quot; xmlns=&quot;<a href=\"http://schemas.microsoft.com/developer/msbuild/2003\" rel=\"nofollow\">http://schemas.microsoft.com/developer/msbuild/2003</a>&quot;&gt;<br />\n<pre><code>__&lt;OutputType&gt;Exe&lt;/OutputType&gt;__\n&lt;AssemblyName&gt;MyAssemblyName&lt;/AssemblyName&gt;\n&lt;EnableUnmanagedDebugging&gt;false&lt;/EnableUnmanagedDebugging&gt;</code></pre>\n\n&lt;/PropertyGroup&gt;\r<br />\n  &lt;PropertyGroup Condition=&quot; '$(Configuration)' == 'Debug' &quot;&gt;<br />\n<pre><code>&lt;DebugSymbols&gt;true&lt;/DebugSymbols&gt;\n&lt;OutputPath&gt;bin\\Debug\\&lt;/OutputPath&gt;</code></pre>\n\n&lt;/PropertyGroup&gt;\r<br />\n  &lt;PropertyGroup Condition=&quot; '$(Configuration)' == 'Release' &quot;&gt;<br />\n<pre><code>&lt;DebugSymbols&gt;false&lt;/DebugSymbols&gt;\n&lt;OutputPath&gt;bin\\Release\\&lt;/OutputPath&gt;</code></pre>\n\n&lt;/PropertyGroup&gt;\r<br />\n  &lt;ItemGroup&gt;<br />\n<pre><code>&lt;Reference Include=&quot;mscorlib&quot; /&gt;\n&lt;Reference Include=&quot;System&quot; /&gt;\n&lt;Reference Include=&quot;System.Data&quot; /&gt;\n&lt;Reference Include=&quot;System.Xml&quot; /&gt;</code></pre>\n\n&lt;/ItemGroup&gt;\r<br />\n  &lt;ItemGroup&gt;<br />\n<pre><code>&lt;Compile Include=&quot;AssemblyInfo.cs&quot;&gt;\n  &lt;SubType&gt;Code&lt;/SubType&gt;\n&lt;/Compile&gt;\n&lt;Compile Include=&quot;Program.cs&quot;&gt;\n  &lt;SubType&gt;Code&lt;/SubType&gt;\n&lt;/Compile&gt;</code></pre>\n\n&lt;/ItemGroup&gt;\r<br />\n  &lt;Import Project=&quot;$(MSBuildBinPath)\\Microsoft.CSharp.targets&quot; /&gt;\r<br />\n&lt;/Project&gt;<br />\n",
    "PostedDate": "2014-01-20T20:52:43.2-08:00",
    "UserRole": null,
    "MarkedAsAnswerDate": null
  },
  {
    "Id": "1186285",
    "ThreadId": "513620",
    "Html": "As for adding file types - you have to add Item Template for every type you wish to support. For instance, for text file you should add a vs template (as well as __TemplateIcon.ico and TextFile.txt file) like this:<br />\n<pre><code>&lt;VSTemplate Version=&quot;2.0.0&quot; Type=&quot;Item&quot; xmlns=&quot;http://schemas.microsoft.com/developer/vstemplate/2005&quot;&gt;\n  &lt;TemplateData&gt;\n    &lt;DefaultName&gt;TextFile.txt&lt;/DefaultName&gt;\n    &lt;Name&gt;Text File&lt;/Name&gt;\n    &lt;Description&gt;An empty text file&lt;/Description&gt;\n    &lt;Icon&gt;__TemplateIcon.ico&lt;/Icon&gt;\n    &lt;ProjectType&gt;[string which is your project type from ProvideProjectFactory attribute]&lt;/ProjectType&gt;\n    &lt;SortOrder&gt;50&lt;/SortOrder&gt;\n  &lt;/TemplateData&gt;\n  &lt;TemplateContent&gt;\n    &lt;ProjectItem&gt;TextFile.txt&lt;/ProjectItem&gt;\n  &lt;/TemplateContent&gt;\n&lt;/VSTemplate&gt;</code></pre>\n\nIn your custom ProjectNode class you create items and folders via these overridden methods:<br />\n<pre><code>        protected internal override FolderNode CreateFolderNode(string path, ProjectElement item)\n        {\n            if (item == null)\n            {\n                throw new ArgumentNullException(&quot;item&quot;);\n            }\n\n            return new CustomFolderNode(this, path, item);\n        }\n\n        public override FileNode CreateFileNode(ProjectElement item)\n        {\n            if (item == null)\n            {\n                throw new ArgumentNullException(&quot;item&quot;);\n            }\n\n            return new CustomFileNode(this, item);\n        }\n</code></pre>\n\n",
    "PostedDate": "2014-01-20T22:05:40.06-08:00",
    "UserRole": "Developer",
    "MarkedAsAnswerDate": "2014-01-21T22:21:51.063-08:00"
  },
  {
    "Id": "1186295",
    "ThreadId": "513620",
    "Html": "How to register that VSTemplate with my project?\r<br />\nAlso I faced another problem when I was working with the tutorial, the resulted package doesn't replace the tokens (i.e. $guid1$) and as a result, the project failed to be created because the value of $guid1$ failed to be replaced with a real guid value<br />\n",
    "PostedDate": "2014-01-20T22:09:23.53-08:00",
    "UserRole": null,
    "MarkedAsAnswerDate": null
  },
  {
    "Id": "1186310",
    "ThreadId": "513620",
    "Html": "Regarding <br />\n<pre><code>__&lt;OutputType&gt;custom_application&lt;/OutputType&gt;__</code></pre>\n\nyou could use any string to identify what kind of output you wish. Or.. just handle EXE as shown below in switch.\r<br />\n<br />\nIn your CutomProjectConfig class you can override:<br />\n<pre><code>        public override int DebugLaunch(uint flags)\n        {\n            // This is actually should be used for debugging purposes in the future\n            try\n            {\n                string outputType = GetConfigurationProperty(&quot;OutputType&quot;, true);\n                switch(outputType)\n                {\n                    case &quot;custom_library&quot;:\n                        ShowRunWarning();\n                        break;\n                    case &quot;custom_application&quot;:\n                        RunApplication();\n                        break;\n                    default:\n                        Debug.Assert(false, &quot;This should not be called.&quot;);\n                        break;\n                }\n            }\n            catch(Exception e)\n            {\n                _logger.Error(&quot;Error in DebugLaunch.&quot;, e);\n                return Marshal.GetHRForException(e);\n            }\n\n            return VSConstants.S_OK;\n        }\n</code></pre>\n\nVSX/MPF has a lot of places where you can adjust the standard flow. My advice would be to reuse as much as possible the standard scenario as it will cause less efforts to adjust. Most of the things you might want to adjust are provided as virtual methods in MPF base classes. So check them first for suitable methods to override. Override and set a breakpoint to ensure you are getting the expected data to handle. <br />\n",
    "PostedDate": "2014-01-20T22:15:50.143-08:00",
    "UserRole": "Developer",
    "MarkedAsAnswerDate": "2014-01-21T22:21:55.837-08:00"
  },
  {
    "Id": "1186340",
    "ThreadId": "513620",
    "Html": "Check the Part 2 link I provided initially <a href=\"http://msdn.microsoft.com/en-us/library/cc826178.aspx\" rel=\"nofollow\">http://msdn.microsoft.com/en-us/library/cc826178.aspx</a>\r<br />\n<br />\nTemplates should be placed to the right place (see below) and when you register your package IDe gets the template information from attribute:<br />\n<pre><code>    [ProvideProjectFactory(\n        typeof(SimpleProjectFactory),\n        null,\n        &quot;Simple Project Files (*.zzproj);*.zzproj&quot;,\n        &quot;zzproj&quot;, &quot;zzproj&quot;,\n        &quot;.\\\\NullPath&quot;,\n        LanguageVsTemplate = &quot;SimpleProject&quot;)]</code></pre>\n\nfrom walkthrough: Add an XML file named SimpleProject.vstemplate to the \\Templates\\Projects__SimpleProject__\\ folder.\r<br />\n<br />\n<br />\nThe right place to put your vs templates would be - under <a href=\"http://social.msdn.microsoft.com/Forums/vstudio/en-US/f1cd2e14-1d7e-4b84-8bc2-871d67e2a942/\" rel=\"nofollow\">IDE location folder</a> with running them command <br />\n<pre><code>devenv.exe /InstallVSTemplates</code></pre>\n\nyou have no need to run this command if you run <br />\n<pre><code>devenv.exe /setup </code></pre>\n\nas /setup includes templates installing<br />\n",
    "PostedDate": "2014-01-20T22:30:54.163-08:00",
    "UserRole": "Developer",
    "MarkedAsAnswerDate": "2014-01-21T22:21:58.833-08:00"
  },
  {
    "Id": "1186346",
    "ThreadId": "513620",
    "Html": "Right now I am facing two main problems with the links above:\r<br />\n<br />\n1-  the resulted package doesn't replace the tokens (i.e. $guid1$) and as a result, the project failed to be created because the value of $guid1$ failed to be replaced with a real guid value\r<br />\n2- None of the functions inside &quot;public class ProjectConfig&quot; and &quot;public class BuildableProjectConfig&quot; are being called and hence I can't do anything with them (I placed message boxes there and they were never called)<br />\n",
    "PostedDate": "2014-01-20T22:33:15.053-08:00",
    "UserRole": null,
    "MarkedAsAnswerDate": null
  },
  {
    "Id": "1186377",
    "ThreadId": "513620",
    "Html": "1 - &lt;ProjectGuid&gt;$guid1$&lt;/ProjectGuid&gt; is a GUID of your custom project instance (not the project type GUID). So it should be unique for every new custom project you create.\r<br />\n<br />\n2 - As for your custom ProjectConfig and BuildableProjectConfig classes. Maybe you just did not create their instances? Note that for adding your CustomProjectConfig class (inherited from MPF class ProjectConfig) you need: <br />\n<ul>\n<li>create CustomConfigProvider : ConfigProvider see the code below</li>\n<li>\ncreate CustomConfigProvider instance from your custom project node class<br />\n</li>\n</ul>\n<pre><code>        protected override ConfigProvider CreateConfigProvider()\n        {\n            return new CustomConfigProvider(this);\n        }</code></pre>\n\n<pre><code>    [ComVisible(true)]\n    [CLSCompliant(false)]\n    public class CustomConfigProvider : ConfigProvider\n    {\n        \n        public CustomConfigProvider(ProjectNode manager)\n            : base(manager)\n        {}\n\n        protected override ProjectConfig CreateProjectConfiguration(string configName)\n        {\n            // if we already created it, return the cached one\n            if (configurationsList.ContainsKey(configName))\n            {\n                return configurationsList[configName];\n            }\n\n            CustomProjectConfig requestedConfiguration = new CustomProjectConfig (ProjectMgr, configName);\n            configurationsList.Add(configName, requestedConfiguration);\n\n            return requestedConfiguration;\n        }\n\n        public override int GetPlatformNames(uint celt, string[] names, uint[] actual)\n        {\n            if (names != null)\n            {\n                names[0] = &quot;Any CPU&quot;;\n            }\n\n            if (actual != null)\n            {\n                actual[0] = 1;\n            }\n\n            return VSConstants.S_OK;\n        }\n\n        public override int GetSupportedPlatformNames(uint celt, string[] names, uint[] actual)\n        {\n            if (names != null)\n            {\n                names[0] = &quot;Any CPU&quot;;\n            }\n\n            if (actual != null)\n            {\n                actual[0] = 1;\n            }\n\n            return VSConstants.S_OK;\n        }\n\n    }</code></pre>\n\n",
    "PostedDate": "2014-01-20T22:46:53.5-08:00",
    "UserRole": "Developer",
    "MarkedAsAnswerDate": "2014-01-21T22:22:01.25-08:00"
  },
  {
    "Id": "1186383",
    "ThreadId": "513620",
    "Html": "Can I send you a copy of my sample? When you run it you would know what I meant by #1. I can't try #2 yes because of #1<br />\n",
    "PostedDate": "2014-01-20T22:48:37.18-08:00",
    "UserRole": null,
    "MarkedAsAnswerDate": null
  },
  {
    "Id": "1186387",
    "ThreadId": "513620",
    "Html": "I think this forum will be very useful <a href=\"http://social.msdn.microsoft.com/Forums/vstudio/en-US/home?forum=vsx\" rel=\"nofollow\">MSDN Visual Studio Extensibility (VSX) Forum</a> as I remember that when I was investigating VSX/MPF we discussed a lot of questions there and VSX team from Microsoft regularly helped me and other VSX developers.  <br />\n",
    "PostedDate": "2014-01-20T22:50:18.72-08:00",
    "UserRole": "Developer",
    "MarkedAsAnswerDate": "2014-01-21T22:22:06.727-08:00"
  },
  {
    "Id": "1186392",
    "ThreadId": "513620",
    "Html": "Unfortunately I can't check you sources at the moment as I have no suitable environment configured. Please post it to VSX forum. This way you will get the answers you need and also help other guys to solve similar issues. Okay?<br />\n",
    "PostedDate": "2014-01-20T22:52:16.31-08:00",
    "UserRole": "Developer",
    "MarkedAsAnswerDate": "2014-01-21T22:22:07.6-08:00"
  },
  {
    "Id": "1189539",
    "ThreadId": "513620",
    "Html": "Did that already. thank you so much for help :)<br />\n<br />\nAnother question, I tried to add the items template as you suggested above (creating 3 files, icon, text and vstemplate). I marked the build action as VSTemplate but I still do not see that item in the items list when I try to add a new item to a project?<br />\n",
    "PostedDate": "2014-01-21T22:23:10.58-08:00",
    "UserRole": null,
    "MarkedAsAnswerDate": null
  }
]