[
  {
    "Id": "192246",
    "ThreadId": "56881",
    "Html": "<p>Hi all,</p>\r\n<p>I have been trying to modify the context menu that opens when you right-click on a file node.</p>\r\n<p>Specifically I am trying to remove the rename command from that menu. My cusrom project should not enable changing the name of some of the files.</p>\r\n<p>I was able to remove the command from the context menu with changing the function in HierarchyNode called:</p>\r\n<p>protected virtual QueryStatusResult QueryStatusCommandFromOleCommandTarget(Guid cmdGroup, uint cmd, out bool handled)</p>\r\n<p>I've removed the line</p>\r\n<p>case VsCommands.Rename:</p>\r\n<p>This function is being called if the call has originated from QueryStatus of the IOleCommandTarget interface. but there is anothen similar function called QueryStatusCommand of the IVsUIHierarchy interface.</p>\r\n<p>My question is: how can I know <strong>when</strong> these functions are being called and <strong>what</strong> commands should be blocked in what function?</p>\r\n<p>Thanks in advnace</p>\r\n<p>Eyal</p>",
    "PostedDate": "2009-05-20T01:15:03.223-07:00",
    "UserRole": null,
    "MarkedAsAnswerDate": null
  }
]