[
  {
    "Id": "1230050",
    "ThreadId": "541100",
    "Html": "Is there a generally accepted way of creating a project system that works on multiple version of VS? We'd like to avoid having separate projects when each version would do just about the same thing.\r<br />\n<br />\nEric<br />\n",
    "PostedDate": "2014-04-03T12:59:20.267-07:00",
    "UserRole": null,
    "MarkedAsAnswerDate": null
  },
  {
    "Id": "1230088",
    "ThreadId": "541100",
    "Html": "Hi Eric, \r<br />\n<br />\nThe simple answer is no. You will need to have several MPF sources to support multiple VS versions. \r<br />\n<br />\nI think, the best way would be to keep MPF separate from your logic. Create several custom compilation targets like DEBUG, RESLEASE, etc.. but for specific MPF (VS version), and define the references: to one of projects with specific MPF sources, and different versions of extensibility DLLs. Then you will be able to change the target and build the output files for each version of VS. That is just an idea. There are other similar options. It also depends on what other actions do you perform during the build (I generated the entire msi file for my extension using WiX project on build, so that was easier to have separate solutions with some common projects for my custom logic). So doesn't matter what way will you use, but all of them require to clearly understand what and when is referenced and what will be compiled to the output. But keeping your custom project system logic separately is definitely right approach. You might even add an extra layer between MPF and your logic using custom interfaces to reduce the dependency between them. \r<br />\n<br />\nIt's a pity I can't provide you a ready solution, but hope it will help to figure out in which direction to go further.<br />\n",
    "PostedDate": "2014-04-03T14:48:57.353-07:00",
    "UserRole": "Developer",
    "MarkedAsAnswerDate": null
  }
]