{
  "WorkItem": {
    "AffectedComponent": {
      "Name": "",
      "DisplayName": ""
    },
    "ClosedComment": "",
    "ClosedDate": null,
    "CommentCount": 0,
    "Custom": null,
    "Description": "The current interface and implementation of ProjectNode.cs does not allow end user to change the SCC provider other than the default SVsSccManager or SVsQueryEditQuerySave.\n \nsited methods are :\ninternal bool QueryEditProjectFile(bool suppressUI)\nprotected void RegisterSccProject()\nprotected void UnRegisterProject()\n \nin all 3 functions, when the end user needs to implement custom SCC provider packages (in VS Isolated or integrated shell), the methods are closed off from extending and method always returns the default SCC provider and not the end-user custom SCC provider, causing SCC operations to be incorrectly executed.\n \nI am proposing to fix this (add extensibility) by changing the interface to the following:\n \nprotected internal virtual bool QueryEditProjectFile(bool suppressUI)\nprotected virtual void RegisterSccProject()\nprotected virtual void UnRegisterProject()\n \nSimilar approaches were taken on other functions, as well as in the HierarchyNode.cs class.",
    "LastUpdatedDate": "2013-02-13T15:30:03.5-08:00",
    "PlannedForRelease": "",
    "ReleaseVisibleToPublic": false,
    "Priority": {
      "Name": "Low",
      "Severity": 50,
      "Id": 1
    },
    "ProjectName": "mpfproj",
    "ReportedDate": "2008-10-06T16:19:16.703-07:00",
    "Status": {
      "Name": "Proposed",
      "Id": 1
    },
    "ReasonClosed": {
      "Name": "Unassigned"
    },
    "Summary": "ProjectNode does not allow SVsSccManager, SVsQueryEditQuerySave to be overrided to use custom SCC provider",
    "Type": {
      "Name": "Issue",
      "Id": 3
    },
    "VoteCount": 1,
    "Id": 11417
  },
  "FileAttachments": [
    {
      "FileId": 1399,
      "FileName": "ProjectNode.cs",
      "DownloadUrl": ".\\1399"
    }
  ],
  "Comments": [
    {
      "Message": "ProgrammerJoe - you have a misunderstanding on how scci works in VS.\r\nProjectNode.cs implementation is correct. It calls the SVsSccManager service. There is only one such service in VS, and this is implemented by msenv.dll.\r\nIf you're implementing a VS package and a source control provider you're implementing a different service, and you're NOT overriding the SVsSccManager. SVsSccManager will delegate calls like RegisterSccProject, GetSccGlyphs, etc to your scc provider IF your provider IS ACTIVE (settable in Tools/Options/SourceControl). SVsSccManager works with SVsRegisterScciProvider service (also implemented by the shell) to figure out what is the active scc provider to which the calls should be delegated.\r\nIf there is no source control provider set active to which the scci calls can be forwarded to, services like SVsSccManager, SVsQueryEditQuerySave, etc will try their best to satisfy the calls and return a good response from calls to RegisterSccProject, QueryEditFiles, etc. (E.g. return S_FALSE from RegisteSccProject, allow silently in-memory edits or change the files attributes on disk if the files are read-only, etc)\r\n\r\nThere is no \"default SCC provider\" concept in VS.",
      "PostedDate": "2008-10-10T14:38:31.77-07:00",
      "Id": -2147483648
    },
    {
      "Message": "I have based the custom SCC design on the SDK sample at \r\n\r\nC:\\Program Files\\Microsoft Visual Studio 2008 SDK\\VisualStudioIntegration\\Samples\\SourceControl\\CSharp\\Example.SccProvider\r\n\r\nI have also followed registration as described in MSDN http://msdn.microsoft.com/en-us/library/bb165948(VS.80).aspx , place our SCC provider GUID in the HKEY_LOCAL_MACHINE\\SOFTWARE\\Microsoft\\VisualStudio\\ X.Y\\SourceControlProviders\\ as the default SCC provider, as according to SCC registry description\r\n\r\nWe have also set the Visual Studio Options dialog box to select our SCC provider by default, and proved in debug mode, we have also observed that our SCC package's SetActive() call is called and executed with success.\r\n\r\nWe also tried to have the SCC package autoloaded using the ProvideAutoLoad() attribute and tested with success. However the SVsSccManager still cannot route calls to our SCC provider.\r\n\r\nWe have determined 2 possibilities\r\n1. there may be a bug in registration process to SVsSccManager.\r\n2. there are undocumented steps in registration missing from the following page:\r\n\r\nhttp://msdn.microsoft.com/en-us/library/bb165948.aspx\r\nhttp://msdn.microsoft.com/en-us/library/bb165951(VS.80,printer).aspx\r\n\r\nWe found a clause in the Registration and Selection (Source Control VSPackage)\r\n\"A source control VSPackage is called when any solution is opened and the registry key for the VSPackage is in the solution file.  ...  Source control VSPackages must implement the IVsSolutionPersistence to enable automatic solution-based VSPackage swapping\"\r\n\r\nThe SCCProvider sample does not support registration by swapping package. Do you have any suggestions, written instructions or msdn pages to tell how to properly register so SVsSccManager can route calls?\r\n\r\nIn any case, I saw most MPF class, like HierarchyNode.cs for example, has virtual methods so customer like us can override if really needed. I feel it is consistent to at least provide this ProjectNode.cs to make the pattern consistent across MPF.\r\n\r\nLet you know your feedback, thanks.",
      "PostedDate": "2008-10-24T17:01:21.43-07:00",
      "Id": -2147483648
    },
    {
      "Message": "HI ProgrammerJoe, \r\n\r\nDo you agree that this issue should be closed due to alinconstantin arguments?\r\n",
      "PostedDate": "2008-12-02T22:55:49.303-08:00",
      "Id": -2147483648
    },
    {
      "Message": "",
      "PostedDate": "2013-02-13T15:30:03.5-08:00",
      "Id": -2147483648
    }
  ]
}