{
  "WorkItem": {
    "AffectedComponent": {
      "Name": "",
      "DisplayName": ""
    },
    "ClosedComment": "",
    "ClosedDate": null,
    "CommentCount": 0,
    "Custom": null,
    "Description": "I have my own logger class that inherits from Microsoft.Build.Utilities.Logger.  This is part of my overall Package implementation in VS2008.\nWhen I run I get a cast error in method SetOutputLogger on this line in ProjectNode.cs --> ((IDEBuildLogger)this.BuildLogger).OutputWindowPane = output;\n\"Unable to cast object of type Idea.Xgen.XgenLogger.XgenLogger to type Microsoft.VisualStudio.Project.IDEBuildLogger\".  \nI had reported this in the past for VS2005 and it was suggested to get around it for the time being with an IF statement before --> if (this.buildLogger is IDEBuildLogger)\nIs this something that needs to be fixed the the MFP source or do I have a bug in my implementation?\n \nThanks",
    "LastUpdatedDate": "2013-02-13T15:30:00.713-08:00",
    "PlannedForRelease": "",
    "ReleaseVisibleToPublic": false,
    "Priority": {
      "Name": "Low",
      "Severity": 50,
      "Id": 1
    },
    "ProjectName": "mpfproj",
    "ReportedDate": "2010-06-30T11:54:55.87-07:00",
    "Status": {
      "Name": "Proposed",
      "Id": 1
    },
    "ReasonClosed": {
      "Name": "Unassigned"
    },
    "Summary": "Cast error when using custom logger.",
    "Type": {
      "Name": "Issue",
      "Id": 3
    },
    "VoteCount": 1,
    "Id": 18105
  },
  "FileAttachments": [],
  "Comments": []
}