{
  "WorkItem": {
    "AffectedComponent": {
      "Name": "",
      "DisplayName": ""
    },
    "ClosedComment": "",
    "ClosedDate": null,
    "CommentCount": 0,
    "Custom": null,
    "Description": "From VSX Forum: http://forums.msdn.microsoft.com/en-US/vsx/thread/d7fe2efd-9a15-4683-a5d3-c4a16ae9260e/\n--------- QUOTE -------------------\nIn \"Microsoft.VisualStudio.Project\" lib (codeplex version....)\nProjectElement class is a \"sealed\" class and its all ctors are now \"internal\" methods..\n \nCtor of previous 1.0 \"Microsoft.VisualStudio.Package.ProjectElement\" class was not an \"internal\" method.....\nlots of my codes use this method... but now it makes a build error.\n \nVSX team - GIVE ME A SOLUTION!!!!!!.",
    "LastUpdatedDate": "2013-02-13T15:30:03.737-08:00",
    "PlannedForRelease": "",
    "ReleaseVisibleToPublic": false,
    "Priority": {
      "Name": "Low",
      "Severity": 50,
      "Id": 1
    },
    "ProjectName": "mpfproj",
    "ReportedDate": "2008-08-26T12:39:55.683-07:00",
    "Status": {
      "Name": "Proposed",
      "Id": 1
    },
    "ReasonClosed": {
      "Name": "Unassigned"
    },
    "Summary": "ProjectElement class is a \"sealed\" class and its all ctors are now \"internal\" methods",
    "Type": {
      "Name": "Issue",
      "Id": 3
    },
    "VoteCount": 1,
    "Id": 11101
  },
  "FileAttachments": [],
  "Comments": []
}