{
  "WorkItem": {
    "AffectedComponent": {
      "Name": "",
      "DisplayName": ""
    },
    "ClosedComment": "",
    "ClosedDate": null,
    "CommentCount": 0,
    "Custom": null,
    "Description": "1. Create a new Solution containing one Python project, one C# project, one C++ project, and one Setup project\n2. Right-click the Setup project and invoke Add -> Project Output\n3. In the Project dropdown select the C# project and notice the names of the output groups (e.g., \"Primary output\"). Also notice that the description is provided for each output.\n4. Change the Project dropdown to the Python projec. Notice that the names and descriptions.\n \nJust a minor inconsistent:\nC# Project: \nPrimary output (not Primary Output), \nLocalized resources(not Localized Resources)\nDoes this need fixed?\n \nAnd C++ Project, the second is \"Resource Satellite DLLs\".\nis this right?",
    "LastUpdatedDate": "2013-02-13T15:30:05.027-08:00",
    "PlannedForRelease": "",
    "ReleaseVisibleToPublic": false,
    "Priority": {
      "Name": "Low",
      "Severity": 50,
      "Id": 1
    },
    "ProjectName": "mpfproj",
    "ReportedDate": "2008-07-18T13:38:19.13-07:00",
    "Status": {
      "Name": "Active",
      "Id": 2
    },
    "ReasonClosed": {
      "Name": "Unassigned"
    },
    "Summary": "OutputGroups from MPF based projects have inconsistent names and miss descriptions",
    "Type": {
      "Name": "Issue",
      "Id": 3
    },
    "VoteCount": 0,
    "Id": 10666
  },
  "FileAttachments": [],
  "Comments": []
}