{
  "WorkItem": {
    "AffectedComponent": {
      "Name": "",
      "DisplayName": ""
    },
    "ClosedComment": "",
    "ClosedDate": null,
    "CommentCount": 0,
    "Custom": null,
    "Description": "1. Create a C# Reporting Project (That will create a default model file Report1.moxl)\n2. In the project folder create  a new folder: \"Report2.moxl\" - the name of the FOLDER\n3. In VS, in the solution explorer, context menu on the project -> Add New Item\n4. Choose Report\n \n- The name is automatically Report2.moxl, althoug it cannot be added since a folder with the same name is there.\n \n5. Click Add\n \nEXPECTED: Error message \"A file or folder with that name already exists...\"\nACTUAL: The model file is added to the project system, but as a missing item (The yellow triangle as icon)",
    "LastUpdatedDate": "2013-02-13T15:30:06.783-08:00",
    "PlannedForRelease": "",
    "ReleaseVisibleToPublic": false,
    "Priority": {
      "Name": "Low",
      "Severity": 50,
      "Id": 1
    },
    "ProjectName": "mpfproj",
    "ReportedDate": "2008-07-18T13:35:47.16-07:00",
    "Status": {
      "Name": "Active",
      "Id": 2
    },
    "ReasonClosed": {
      "Name": "Unassigned"
    },
    "Summary": "DAXRPT: Adding a file to the project system doesn't check folders for existing \"file\"",
    "Type": {
      "Name": "Issue",
      "Id": 3
    },
    "VoteCount": 0,
    "Id": 10661
  },
  "FileAttachments": [],
  "Comments": []
}