{
  "WorkItem": {
    "AffectedComponent": {
      "Name": "",
      "DisplayName": ""
    },
    "ClosedComment": "",
    "ClosedDate": null,
    "CommentCount": 0,
    "Custom": null,
    "Description": "When adding a project reference (C++, Visual Basic, etc.) to another project in Solution Explorer (right-click project's reference, then click on the Add Reference... menu item), the icon being displayed is not the standard greyish component icon.\n \nIn fact, the icon being displayed is the project's icon (The C++ project icon for a C++ reference, for example).  We fixed the problem by adding the following instructions at line 143 in the ProjectReferenceNode.cs:\n \nif( prj.Properties == null )\n  continue;\n \nHere's a sample of part of the current code with our solution from above, so that you can easily search for already existing strings:\n \n//Skip this project if it is an umodeled project (unloaded)\nif(string.Compare(EnvDTE.Constants.vsProjectKindUnmodeled, prj.Kind, StringComparison.OrdinalIgnoreCase) == 0)\n{\n  continue;\n}\n \n// Get the full path of the current project.\nEnvDTE.Property pathProperty = null;\ntry\n{\n  // OUR SOLUTION BEGINS HERE\n  if( prj.Properties == null )\n    continue;\n   // OUR SOLUTION ENDS HERE\n  pathProperty = prj.Properties.Item(\"FullPath\");\n  if(null == pathProperty)\n  {\n    // The full path should alway be availabe, but if this is not the\n    // case then we have to skip it.\n    continue;\n  }\n}",
    "LastUpdatedDate": "2013-02-13T15:30:01.693-08:00",
    "PlannedForRelease": "",
    "ReleaseVisibleToPublic": false,
    "Priority": {
      "Name": "Low",
      "Severity": 50,
      "Id": 1
    },
    "ProjectName": "mpfproj",
    "ReportedDate": "2009-05-11T14:11:11.83-07:00",
    "Status": {
      "Name": "Proposed",
      "Id": 1
    },
    "ReasonClosed": {
      "Name": "Unassigned"
    },
    "Summary": "Wrong project reference icon is shown in solution explorer (VS2008)",
    "Type": {
      "Name": "Issue",
      "Id": 3
    },
    "VoteCount": 1,
    "Id": 13212
  },
  "FileAttachments": [],
  "Comments": []
}