[
  {
    "Id": 10655,
    "Title": "File not deleted from Source Control when do 'Save As' operation"
  },
  {
    "Id": 10656,
    "Title": "Support for special files (AssemblyResource is the first on list)"
  },
  {
    "Id": 10657,
    "Title": "ProjectNode.AddProjectReference doesn't filter correctly"
  },
  {
    "Id": 10658,
    "Title": "Adding references should be transactional"
  },
  {
    "Id": 10659,
    "Title": "IVsDeferredSaveProject needs to be implemented"
  },
  {
    "Id": 10660,
    "Title": "SR.LinkedItemsAreNotSupported resource message should be customizable"
  },
  {
    "Id": 10661,
    "Title": "DAXRPT: Adding a file to the project system doesn't check folders for existing \"file\""
  },
  {
    "Id": 10662,
    "Title": "Copy/Paste operation in solution explorer are not behaving as expected"
  },
  {
    "Id": 10663,
    "Title": "When adding existing items not all should open"
  },
  {
    "Id": 10664,
    "Title": "Nested Projects don't bring the \"Conflicting File Modification Detected\" dialog for the nested project file"
  },
  {
    "Id": 10665,
    "Title": "Double clicking on a node in solution explorer that has nested items - expands the node"
  },
  {
    "Id": 10666,
    "Title": "OutputGroups from MPF based projects have inconsistent names and miss descriptions"
  },
  {
    "Id": 11099,
    "Title": "Nested project sample incorrectly handled VSHPROPID_ItemDocCookie"
  },
  {
    "Id": 11100,
    "Title": "MPF ProjectNode.GetProjectOptions() returns wrong configuration options"
  },
  {
    "Id": 11101,
    "Title": "ProjectElement class is a \"sealed\" class and its all ctors are now \"internal\" methods"
  },
  {
    "Id": 11417,
    "Title": "ProjectNode does not allow SVsSccManager, SVsQueryEditQuerySave to be overrided to use custom SCC provider"
  },
  {
    "Id": 11507,
    "Title": "Building source causes hard error CA0001 -- exception thrown by FxCop"
  },
  {
    "Id": 11657,
    "Title": "Null reference exception in method RefreshReferences() of ProjectConfig class"
  },
  {
    "Id": 11681,
    "Title": "SVN support not work"
  },
  {
    "Id": 11866,
    "Title": "MPF projects in the solution block \"Create Unit Tests\" wizard"
  },
  {
    "Id": 12453,
    "Title": "Fix: Unloading project without a References Node"
  },
  {
    "Id": 12579,
    "Title": "ProjectNode.WalkSourceProjectAndAdd() contains bug"
  },
  {
    "Id": 12730,
    "Title": "OAProperties.Item can't find \"URL\" index"
  },
  {
    "Id": 13064,
    "Title": "Adding an item to a project with subfolders asserts"
  },
  {
    "Id": 13070,
    "Title": "VS.NET Solution Explorer Drag & Drop for C++ projects does not work"
  },
  {
    "Id": 13212,
    "Title": "Wrong project reference icon is shown in solution explorer (VS2008)"
  },
  {
    "Id": 16236,
    "Title": "Enhancement Request: Support \"Add File as Link\" functionality"
  },
  {
    "Id": 16237,
    "Title": "Enhancement Request: Support VS2005 SDK"
  },
  {
    "Id": 18105,
    "Title": "Cast error when using custom logger."
  }
]