{
  "WorkItem": {
    "AffectedComponent": {
      "Name": "",
      "DisplayName": ""
    },
    "ClosedComment": "",
    "ClosedDate": null,
    "CommentCount": 0,
    "Custom": null,
    "Description": "If the references node factory in ProjectNode is overridden to always return null. The project will trash when the project is unloaded.\n \nSee patch to resolve the issue.\n \nPaul",
    "LastUpdatedDate": "2013-02-13T15:30:02.577-08:00",
    "PlannedForRelease": "",
    "ReleaseVisibleToPublic": false,
    "Priority": {
      "Name": "Low",
      "Severity": 50,
      "Id": 1
    },
    "ProjectName": "mpfproj",
    "ReportedDate": "2009-01-23T13:39:19.093-08:00",
    "Status": {
      "Name": "Proposed",
      "Id": 1
    },
    "ReasonClosed": {
      "Name": "Unassigned"
    },
    "Summary": "Fix: Unloading project without a References Node",
    "Type": {
      "Name": "Issue",
      "Id": 3
    },
    "VoteCount": 1,
    "Id": 12453
  },
  "FileAttachments": [
    {
      "FileId": 1634,
      "FileName": "NoReferenceNodePatch.patch",
      "DownloadUrl": ".\\1634"
    }
  ],
  "Comments": []
}