{
  "WorkItem": {
    "AffectedComponent": {
      "Name": "",
      "DisplayName": ""
    },
    "ClosedComment": "",
    "ClosedDate": null,
    "CommentCount": 0,
    "Custom": null,
    "Description": "Repro Steps:\nIt can be reproduced in IronPython sample:\n \n1.    Open IP solution and press F5 to run it in Exp hive.\n2.    Create a new IronPython project - new solution with the project will be created.\n3.    Add Solution to Source Control and then check-in it.\n4.    Do 'Save As' for Class.py and save it somewhere under project root folder.\n5.    Check-in the changes.\n6.    Open Source Control Explorer and see that file is not removed from previous location.\n \nActual Results:\nFile is not removed from previous location in Source Control System.\n \nNote: This issue is similar to 274788 and 274792. All these three bugs are due to missed or wrong calls of TrackDocumentsHelper methods. It seems that \"working under Source Control\" functionality was not tested well.\n \nExpected Results:\nFile must be removed from previous location in Source Control System.\n \nNote: There is should be complete test of all possible scenarios when user work with custom project (e.g. IP Sample) under the Source Control System. C# projects behavior should be used as valid example.",
    "LastUpdatedDate": "2013-02-13T15:30:08.1-08:00",
    "PlannedForRelease": "",
    "ReleaseVisibleToPublic": false,
    "Priority": {
      "Name": "Low",
      "Severity": 50,
      "Id": 1
    },
    "ProjectName": "mpfproj",
    "ReportedDate": "2008-07-18T13:26:32.233-07:00",
    "Status": {
      "Name": "Active",
      "Id": 2
    },
    "ReasonClosed": {
      "Name": "Unassigned"
    },
    "Summary": "File not deleted from Source Control when do 'Save As' operation",
    "Type": {
      "Name": "Issue",
      "Id": 3
    },
    "VoteCount": 1,
    "Id": 10655
  },
  "FileAttachments": [],
  "Comments": []
}