{
  "WorkItem": {
    "AffectedComponent": {
      "Name": "",
      "DisplayName": ""
    },
    "ClosedComment": "",
    "ClosedDate": null,
    "CommentCount": 0,
    "Custom": null,
    "Description": "Problem Description: WalkSourceProjectAndAdd() method of ProjectNode class contains 2 errors. The bug appears in Drag'n'Drop operations. When I drag and drop folder which contains several file nodes it tries to create the same file several times.\n \nYour code:\n------------------\nif (addSiblings)\n{\n// Then look at siblings\ncurrentItemID = itemId;\nwhile (currentItemID != VSConstants.VSITEMID_NIL)\n{\nvariant = null;\nErrorHandler.ThrowOnFailure(sourceHierarchy.GetProperty(itemId, (int)__VSHPROPID.VSHPROPID_NextVisibleSibling, out variant));\ncurrentItemID = (uint)(int)variant;\nWalkSourceProjectAndAdd(sourceHierarchy, currentItemID, targetNode, true);\n}\n}\n------------------\n \nI've changed the code this way:\n-------------------\n....\nvariant = null;\nErrorHandler.ThrowOnFailure(sourceHierarchy.GetProperty(currentItemID, (int)__VSHPROPID.VSHPROPID_NextVisibleSibling, out variant));\ncurrentItemID = (uint)(int)variant;\nWalkSourceProjectAndAdd(sourceHierarchy, currentItemID, targetNode, false);\n.....\n-------------------\n \nFirst of all you need to invoke GetProperty() with currentItemID parameter and second WalkSourceProjectAndAdd() should be called with addSibling=false.\nOtherwise it enumerates sibling nodes in wrong way and calls this method several times for the same node.\n \n \nRepro Steps:\nDrag'n'Drop folder containing 2 file nodes.\n \nActual Results:\nApplicationException is risen in ProjectNode.AddNodeIfTargetExistInStorage() method.\n \nExpected Results:\nDrag'n'Drop works fine.",
    "LastUpdatedDate": "2013-06-03T19:41:06.247-07:00",
    "PlannedForRelease": "",
    "ReleaseVisibleToPublic": false,
    "Priority": {
      "Name": "Low",
      "Severity": 50,
      "Id": 1
    },
    "ProjectName": "mpfproj",
    "ReportedDate": "2009-02-09T19:31:06.083-08:00",
    "Status": {
      "Name": "Proposed",
      "Id": 1
    },
    "ReasonClosed": {
      "Name": "Unassigned"
    },
    "Summary": "ProjectNode.WalkSourceProjectAndAdd() contains bug",
    "Type": {
      "Name": "Issue",
      "Id": 3
    },
    "VoteCount": 2,
    "Id": 12579
  },
  "FileAttachments": [],
  "Comments": []
}