{
  "WorkItem": {
    "AffectedComponent": {
      "Name": "",
      "DisplayName": ""
    },
    "ClosedComment": "",
    "ClosedDate": null,
    "CommentCount": 0,
    "Custom": null,
    "Description": "I'm creating a language service for a simple DSL.  While working in the experimental hive, MPFProj quite often throws an exception in OAProperties.Item when the index argument equals \"URL\".  The call stack shows nothing but [External Code] and this function.  The exception occurs when I close the solution or exit Visual Studio, but it also occurs sometimes when I open the project.  I can't seem to determine the origin of the \"URL\" property, why it's needed, or how to provide it.",
    "LastUpdatedDate": "2013-02-13T15:30:02.233-08:00",
    "PlannedForRelease": "",
    "ReleaseVisibleToPublic": false,
    "Priority": {
      "Name": "Low",
      "Severity": 50,
      "Id": 1
    },
    "ProjectName": "mpfproj",
    "ReportedDate": "2009-03-02T16:47:23.503-08:00",
    "Status": {
      "Name": "Proposed",
      "Id": 1
    },
    "ReasonClosed": {
      "Name": "Unassigned"
    },
    "Summary": "OAProperties.Item can't find \"URL\" index",
    "Type": {
      "Name": "Issue",
      "Id": 3
    },
    "VoteCount": 3,
    "Id": 12730
  },
  "FileAttachments": [],
  "Comments": [
    {
      "Message": "I did not slove the issue I just added the missing attribute so stop the exeptions for now. Here is what I did.\r\nI have added in the file NodeProperties.cs on the class NodeProperties the following attribute which solved the issue:\r\n        [SRCategoryAttribute(SR.Misc)]\r\n        [LocDisplayName(SR.URL)]\r\n        [SRDescriptionAttribute(SR.URL)]\r\n        public string URL\r\n        {\r\n            get\r\n            {\r\n                return this.Node.Url;\r\n            }\r\n        }\r\n\r\nHope this helps you",
      "PostedDate": "2009-03-29T04:37:50.287-07:00",
      "Id": -2147483648
    },
    {
      "Message": "",
      "PostedDate": "2009-04-09T14:56:23.743-07:00",
      "Id": -2147483648
    },
    {
      "Message": "I confirmed that by adding the code from kobrigo as a property on NodeProperties the exception goes away. Can anybody explain why the samples don't have this issue or where the root of the problem comes from? I feel dirty having this little hack and no explanation.\r\n\r\nThanks,\r\ncmaxo",
      "PostedDate": "2009-04-09T15:01:41.873-07:00",
      "Id": -2147483648
    },
    {
      "Message": "I found a solution to this problem without having to modify the cs files provided by this project.  The file type that I was adding needed to have a class that \"presents\" properties to visual studio and that class needs to have a \"public string URL...\" property. The class that I created that subclasses from FileNode has this method now:\r\n\r\nprotected override NodeProperties CreatePropertiesObject()\r\n    {\r\n      MyFileNodeProperties properties = new MyFileNodeProperties(this);\r\n      properties.OnCustomToolChanged += new EventHandler<HierarchyNodeEventArgs>(OnCustomToolChanged);\r\n      properties.OnCustomToolNameSpaceChanged += new EventHandler<HierarchyNodeEventArgs>(OnCustomToolNameSpaceChanged);\r\n      return properties;\r\n    }\r\n\r\nAnd MyFileNodeProperties has among other things the URL property.\r\n\r\nCorey",
      "PostedDate": "2009-04-27T15:12:34.577-07:00",
      "Id": -2147483648
    },
    {
      "Message": "",
      "PostedDate": "2010-02-12T08:39:14.983-08:00",
      "Id": -2147483648
    },
    {
      "Message": "",
      "PostedDate": "2013-02-13T15:30:02.233-08:00",
      "Id": -2147483648
    }
  ]
}