{
  "WorkItem": {
    "AffectedComponent": {
      "Name": "",
      "DisplayName": ""
    },
    "ClosedComment": "",
    "ClosedDate": null,
    "CommentCount": 0,
    "Custom": null,
    "Description": "1. Create a dynamics project\n2. Add a nested resx file under the default model file. \n2.1.Add this lines to the project file \n  <ItemGroup>\n      <EmbeddedResource Include=\"Report1.resx\">\n       <DependentUpon>Report1.moxl</DependentUpon>\n      </EmbeddedResource>\n   </ItemGroup> \n2.2: Copy a valid resx file \"Report1.resx\" to the project folder \n3. Now the project should have a model file with nested resx file\n4. double click on the resx file in the solution explorer -> the resx file is opened\n5. Main menu -> File -> Save Report1.resx As... and save the resx file in different directory than the project directory (ex:desktop)\n6. There is a erroe message box saying: \"Cannot save \"Report1\" outside the project directory. Linked items are not supported\" \nBut: the VS status bar says \"item(s) saved\" and the file is actually saved in the chosen directory \nI would expect that there will be an info message saying that a copy will be saved in the different directory, but the nested item will be refering to the file in the project dir.",
    "LastUpdatedDate": "2013-02-13T15:30:07.003-08:00",
    "PlannedForRelease": "",
    "ReleaseVisibleToPublic": false,
    "Priority": {
      "Name": "Low",
      "Severity": 50,
      "Id": 1
    },
    "ProjectName": "mpfproj",
    "ReportedDate": "2008-07-18T13:35:15.097-07:00",
    "Status": {
      "Name": "Active",
      "Id": 2
    },
    "ReasonClosed": {
      "Name": "Unassigned"
    },
    "Summary": "SR.LinkedItemsAreNotSupported resource message should be customizable",
    "Type": {
      "Name": "Issue",
      "Id": 3
    },
    "VoteCount": 0,
    "Id": 10660
  },
  "FileAttachments": [],
  "Comments": []
}