{
  "WorkItem": {
    "AffectedComponent": {
      "Name": "",
      "DisplayName": ""
    },
    "ClosedComment": "",
    "ClosedDate": null,
    "CommentCount": 0,
    "Custom": null,
    "Description": "Hi,\n \nI am trying to implement 'Drag&Drop' functionality from solution explorer in VS.NET 2005 onto my C# winform. \nI have 2 projects within same solution (one C# project, and other MFC C++ project). I have implemented the following events & properties in my C# winform.\nMy winform contains just one textbox.\n1. DragEnter - for textbox\n2. DragOver - for textbox\n3. AllowDrop property - for textbox\nAlso tried with different 'DragDropEffects' enumeration values.\n \nProblem: \nWhen I 'Drag&Drop' C# file to my winform, I am able to retrieve the dragged project file path, but the same does not work with C++/Header files and even with project file (csproj, vcproj, etc). While dragging C++/Header file, the mouse cursor shows 'None'  (a circle with a line through it), but works fine with C# file.\n \nCan anyone please help me? I have attached the sample C# winform project.\n \nThanks in advance,\nAhmed Kabir\nahmed.kabir@yahoo.com",
    "LastUpdatedDate": "2013-02-13T15:30:01.893-08:00",
    "PlannedForRelease": "",
    "ReleaseVisibleToPublic": false,
    "Priority": {
      "Name": "Low",
      "Severity": 50,
      "Id": 1
    },
    "ProjectName": "mpfproj",
    "ReportedDate": "2009-04-22T13:30:49.133-07:00",
    "Status": {
      "Name": "Proposed",
      "Id": 1
    },
    "ReasonClosed": {
      "Name": "Unassigned"
    },
    "Summary": "VS.NET Solution Explorer Drag & Drop for C++ projects does not work",
    "Type": {
      "Name": "Issue",
      "Id": 3
    },
    "VoteCount": 1,
    "Id": 13070
  },
  "FileAttachments": [
    {
      "FileId": 1835,
      "FileName": "dragdrop.zip",
      "DownloadUrl": ".\\1835"
    }
  ],
  "Comments": []
}