{
  "WorkItem": {
    "AffectedComponent": {
      "Name": "",
      "DisplayName": ""
    },
    "ClosedComment": "",
    "ClosedDate": null,
    "CommentCount": 0,
    "Custom": null,
    "Description": "a)\n1. Make some changes on the NESTED project file in Visual Studio. Don't save\n2. Open the NESTED project file with notepad and make some other changes.\n3. Save the notepad file.\n \nEXPECTED: VS brings up the \"Conflicting File Modification Detected\", where you can choose which changes you want to keep.\nACTUAL: \"Reload project file\" dialog appears.\n \n++++++\na) Repro steps if you have the Dynamics AX Reporting Tools installed in VS\n \n1. Create Reporting Project\n2. Add a DataMethod to the default report (so that developer file will be generated)\n3. Save All\n4. Rename \"Report1.moxl\" to \"NewReport1.moxl\" - the developer file also gets renamed to . DO NOT SAVE ANYTHING.\n5. On disk, edit the BusinessProject.csproj file bu adding some space characters \n6. Save the on-disk changes\n \nEXPECTED: \"Conflicting File Modification Detected\" dialog to appear (Save As..., Discard, Overwrite, Ignore options), because the changes of the renaming of the developer file has not been saved.\nACTUAL: A \"YES\" - \"NO\" dialog appears (Do you want to reload the BusinessLogic.csproj?)\n \n7. Click YES = BusinessLogic project reloads, and it has one missing project item Report1.BusinessLogic.cs\n \nThe NewReport1.BusinessLogic.cs still exists on disk, just it is not included in the project.",
    "LastUpdatedDate": "2013-02-13T15:30:05.763-08:00",
    "PlannedForRelease": "",
    "ReleaseVisibleToPublic": false,
    "Priority": {
      "Name": "Low",
      "Severity": 50,
      "Id": 1
    },
    "ProjectName": "mpfproj",
    "ReportedDate": "2008-07-18T13:37:07.673-07:00",
    "Status": {
      "Name": "Active",
      "Id": 2
    },
    "ReasonClosed": {
      "Name": "Unassigned"
    },
    "Summary": "Nested Projects don't bring the \"Conflicting File Modification Detected\" dialog for the nested project file",
    "Type": {
      "Name": "Issue",
      "Id": 3
    },
    "VoteCount": 0,
    "Id": 10664
  },
  "FileAttachments": [],
  "Comments": []
}