{
  "WorkItem": {
    "AffectedComponent": {
      "Name": "",
      "DisplayName": ""
    },
    "ClosedComment": "",
    "ClosedDate": null,
    "CommentCount": 0,
    "Custom": null,
    "Description": "The MPF can be modified via conditional compilation args (ie. #ifDef VS2005) to work for both VS2005 and VS2008. The Wix Votive project has already done this. I would like to see this change merged into the MPF. This would be very useful for those of us developing extensions for both 2005 and 2008.",
    "LastUpdatedDate": "2013-02-13T15:30:01.317-08:00",
    "PlannedForRelease": "",
    "ReleaseVisibleToPublic": false,
    "Priority": {
      "Name": "Low",
      "Severity": 50,
      "Id": 1
    },
    "ProjectName": "mpfproj",
    "ReportedDate": "2010-02-03T14:39:07.863-08:00",
    "Status": {
      "Name": "Proposed",
      "Id": 1
    },
    "ReasonClosed": {
      "Name": "Unassigned"
    },
    "Summary": "Enhancement Request: Support VS2005 SDK",
    "Type": {
      "Name": "Issue",
      "Id": 3
    },
    "VoteCount": 1,
    "Id": 16237
  },
  "FileAttachments": [],
  "Comments": []
}