{
  "WorkItem": {
    "AffectedComponent": {
      "Name": "",
      "DisplayName": ""
    },
    "ClosedComment": "",
    "ClosedDate": null,
    "CommentCount": 0,
    "Custom": null,
    "Description": "1) Create new Iron Python project\n2) Select the default project and execute CUT\n- Expected?: Dialog indicating that the copy/paste operations are not supported\n3) Rename the project item - e.g, add \"1\" to the project name\n4) Select the solution item and execute PASTE\n- Expected?: Dialog indicating that \"The solution already contains an item named '<ProjectName>'.\"\n- Actual: Dialog indicating that \"Unknown Error\" occured",
    "LastUpdatedDate": "2013-02-13T15:30:06.583-08:00",
    "PlannedForRelease": "",
    "ReleaseVisibleToPublic": false,
    "Priority": {
      "Name": "Low",
      "Severity": 50,
      "Id": 1
    },
    "ProjectName": "mpfproj",
    "ReportedDate": "2008-07-18T13:36:11.783-07:00",
    "Status": {
      "Name": "Active",
      "Id": 2
    },
    "ReasonClosed": {
      "Name": "Unassigned"
    },
    "Summary": "Copy/Paste operation in solution explorer are not behaving as expected",
    "Type": {
      "Name": "Issue",
      "Id": 3
    },
    "VoteCount": 1,
    "Id": 10662
  },
  "FileAttachments": [],
  "Comments": []
}