{
  "WorkItem": {
    "AffectedComponent": {
      "Name": "",
      "DisplayName": ""
    },
    "ClosedComment": "",
    "ClosedDate": null,
    "CommentCount": 0,
    "Custom": null,
    "Description": "Double clicking on a node in solution explorer that has nested items - expands the node and shows the nested items.\n \nthis becomes annoying when you have a lot of nested items, and you have to collapse the node every time you want to execute the default action on the double-clicked node.",
    "LastUpdatedDate": "2013-02-13T15:30:05.34-08:00",
    "PlannedForRelease": "",
    "ReleaseVisibleToPublic": false,
    "Priority": {
      "Name": "Low",
      "Severity": 50,
      "Id": 1
    },
    "ProjectName": "mpfproj",
    "ReportedDate": "2008-07-18T13:37:43.283-07:00",
    "Status": {
      "Name": "Active",
      "Id": 2
    },
    "ReasonClosed": {
      "Name": "Unassigned"
    },
    "Summary": "Double clicking on a node in solution explorer that has nested items - expands the node",
    "Type": {
      "Name": "Issue",
      "Id": 3
    },
    "VoteCount": 0,
    "Id": 10665
  },
  "FileAttachments": [],
  "Comments": []
}