{
  "WorkItem": {
    "AffectedComponent": {
      "Name": "",
      "DisplayName": ""
    },
    "ClosedComment": "",
    "ClosedDate": null,
    "CommentCount": 0,
    "Custom": null,
    "Description": "The assert is in OAProjectItems.cs at line 193:\n \nDebug.Assert(nodeAdded != null, \"We should have been able to find the new element in the hierarchy\");\n \nIt fails when trying to find a hierarchy node because the name that is passed in is an absolute path, and the virtual node name of each tree node is just the file name with no path information included. The problem doesn't seem to occur with flat projects. I fixed the problem by changing HierarchyNode.FindChild() to check for FileNodes in the search loop, and check \"name\" against the Url property of FileNodes.",
    "LastUpdatedDate": "2013-02-13T15:30:02.057-08:00",
    "PlannedForRelease": "",
    "ReleaseVisibleToPublic": false,
    "Priority": {
      "Name": "Low",
      "Severity": 50,
      "Id": 1
    },
    "ProjectName": "mpfproj",
    "ReportedDate": "2009-04-21T14:45:07.917-07:00",
    "Status": {
      "Name": "Proposed",
      "Id": 1
    },
    "ReasonClosed": {
      "Name": "Unassigned"
    },
    "Summary": "Adding an item to a project with subfolders asserts",
    "Type": {
      "Name": "Issue",
      "Id": 3
    },
    "VoteCount": 1,
    "Id": 13064
  },
  "FileAttachments": [],
  "Comments": []
}