{
  "WorkItem": {
    "AffectedComponent": {
      "Name": "",
      "DisplayName": ""
    },
    "ClosedComment": "",
    "ClosedDate": null,
    "CommentCount": 0,
    "Custom": null,
    "Description": "1.) Build the IronPythonIntegration sample\n2.) Instantiate a new Python form in the designer\n3.) Drag a PictureBox control to the form\n4.) In the smart tag on the PictureBox, click \"Choose Image\"\n \nRESULT\n=========================================\nError MessageBox: \n\"Error invoking 'Choose Image'. Details:\nValue cannot be null.\nParameter name: docData\"\n \nEXPECTED\n=========================================\nUI to allow choosing a image resource",
    "LastUpdatedDate": "2013-02-13T15:30:07.88-08:00",
    "PlannedForRelease": "",
    "ReleaseVisibleToPublic": false,
    "Priority": {
      "Name": "Low",
      "Severity": 50,
      "Id": 1
    },
    "ProjectName": "mpfproj",
    "ReportedDate": "2008-07-18T13:28:11.187-07:00",
    "Status": {
      "Name": "Active",
      "Id": 2
    },
    "ReasonClosed": {
      "Name": "Unassigned"
    },
    "Summary": "Support for special files (AssemblyResource is the first on list)",
    "Type": {
      "Name": "Feature",
      "Id": 1
    },
    "VoteCount": 1,
    "Id": 10656
  },
  "FileAttachments": [],
  "Comments": []
}