{
  "WorkItem": {
    "AffectedComponent": {
      "Name": "",
      "DisplayName": ""
    },
    "ClosedComment": "",
    "ClosedDate": null,
    "CommentCount": 0,
    "Custom": null,
    "Description": "Saving a zero impact project fails because IVsDeferredSaveProject is not implemented by MPF.\n \n1. Create a zero impact project \n2. Try to save it - get an error.",
    "LastUpdatedDate": "2013-02-13T15:30:07.23-08:00",
    "PlannedForRelease": "",
    "ReleaseVisibleToPublic": false,
    "Priority": {
      "Name": "Low",
      "Severity": 50,
      "Id": 1
    },
    "ProjectName": "mpfproj",
    "ReportedDate": "2008-07-18T13:34:22.66-07:00",
    "Status": {
      "Name": "Active",
      "Id": 2
    },
    "ReasonClosed": {
      "Name": "Unassigned"
    },
    "Summary": "IVsDeferredSaveProject needs to be implemented",
    "Type": {
      "Name": "Feature",
      "Id": 1
    },
    "VoteCount": 0,
    "Id": 10659
  },
  "FileAttachments": [],
  "Comments": []
}