{
  "WorkItem": {
    "AffectedComponent": {
      "Name": "",
      "DisplayName": ""
    },
    "ClosedComment": "",
    "ClosedDate": "2008-12-02T23:14:32.553-08:00",
    "CommentCount": 0,
    "Custom": null,
    "Description": "Problem Description: There appears to be a bug in ProjectNode.GetProjectOptions(). At the top of the method, it checks to see if the current options field is not null, and if not, returns the existing options. \n \nThis logic is wrong, because it doesn't check to see if the cached options object matches the configuration specified in the config argument. This causes incorrect configuration options to be returned to the caller. Here is one scenario:\n \nIn a release configuration, user presses F5 to debug which cases ProjectConfig.DebugLaunch() to be called. If the \"StartProgram\" property is not set, GetOutputAssembly() is called to get the filename to debug. GetOutputAssembly() calls GetProjectOptions( \"Release\" ) but returns the ProjectOptions for a debug configuration if that was the last configuration that was read and cached.\n \nThis causes the path of the output assembly in a debug configuration to be returned. End result is that pressing F5 runs the debug build of the assembly, even in release mode.\n \nNot sure what the best way to fix this is, but since the options field is private and there is no public or protected property around it, it can't be worked around in the project node subclass and requires a change in the base class code. \n \nThis bug exists in VS2005 as well. Could we please get this fixed in the next update to the SDK?\n \n \nRepro Steps:\nSee description\n \nActual Results:\nWrong configuration data is returned causing Debug and Start Without Debugging commands to invoke the wrong file!\n \nExpected Results:\nThe correct data should be returned",
    "LastUpdatedDate": "2013-05-15T19:28:56.763-07:00",
    "PlannedForRelease": "",
    "ReleaseVisibleToPublic": false,
    "Priority": {
      "Name": "Low",
      "Severity": 50,
      "Id": 1
    },
    "ProjectName": "mpfproj",
    "ReportedDate": "2008-08-26T09:07:40.217-07:00",
    "Status": {
      "Name": "Closed",
      "Id": 4
    },
    "ReasonClosed": {
      "Name": "Unassigned"
    },
    "Summary": "MPF ProjectNode.GetProjectOptions() returns wrong configuration options",
    "Type": {
      "Name": "Issue",
      "Id": 3
    },
    "VoteCount": 1,
    "Id": 11100
  },
  "FileAttachments": [],
  "Comments": [
    {
      "Message": "Resolved with changeset 24911.",
      "PostedDate": "2008-12-02T23:14:32.553-08:00",
      "Id": -2147483648
    },
    {
      "Message": "",
      "PostedDate": "2013-02-13T15:30:04.227-08:00",
      "Id": -2147483648
    },
    {
      "Message": "",
      "PostedDate": "2013-05-15T19:28:56.763-07:00",
      "Id": -2147483648
    }
  ]
}