{
  "WorkItem": {
    "AffectedComponent": {
      "Name": "",
      "DisplayName": ""
    },
    "ClosedComment": "",
    "ClosedDate": null,
    "CommentCount": 0,
    "Custom": null,
    "Description": "Adding references should be transactional. Currently, MPF adds the reference to the project file first and then tries to update its memory structures. If the second part fails (for example adding a second reference to the same file), the change to the project file is not reverted. The error message for adding a second reference to the same file can be a bit better too.",
    "LastUpdatedDate": "2013-02-13T15:30:07.403-08:00",
    "PlannedForRelease": "",
    "ReleaseVisibleToPublic": false,
    "Priority": {
      "Name": "Low",
      "Severity": 50,
      "Id": 1
    },
    "ProjectName": "mpfproj",
    "ReportedDate": "2008-07-18T13:33:46.613-07:00",
    "Status": {
      "Name": "Active",
      "Id": 2
    },
    "ReasonClosed": {
      "Name": "Unassigned"
    },
    "Summary": "Adding references should be transactional",
    "Type": {
      "Name": "Issue",
      "Id": 3
    },
    "VoteCount": 0,
    "Id": 10658
  },
  "FileAttachments": [],
  "Comments": []
}