{
  "WorkItem": {
    "AffectedComponent": {
      "Name": "",
      "DisplayName": ""
    },
    "ClosedComment": "",
    "ClosedDate": "2008-11-19T01:27:12.47-08:00",
    "CommentCount": 0,
    "Custom": null,
    "Description": "There is null reference exception is possible (and occur) for custom projects wich has no reference container node in method RefreshReferences() of ProjectConfig class. There is should be according null checking added.",
    "LastUpdatedDate": "2013-05-15T19:28:56.22-07:00",
    "PlannedForRelease": "",
    "ReleaseVisibleToPublic": false,
    "Priority": {
      "Name": "Medium",
      "Severity": 100,
      "Id": 2
    },
    "ProjectName": "mpfproj",
    "ReportedDate": "2008-11-19T01:26:18.05-08:00",
    "Status": {
      "Name": "Closed",
      "Id": 4
    },
    "ReasonClosed": {
      "Name": "Unassigned"
    },
    "Summary": "Null reference exception in method RefreshReferences() of ProjectConfig class",
    "Type": {
      "Name": "Feature",
      "Id": 1
    },
    "VoteCount": 0,
    "Id": 11657
  },
  "FileAttachments": [],
  "Comments": [
    {
      "Message": "Resolved with changeset 24170.",
      "PostedDate": "2008-11-19T01:27:12.47-08:00",
      "Id": -2147483648
    },
    {
      "Message": "When SND\\DmitryPavlov_cp (in revision 24170) try to fix this bug, he make onother  bug (add no pairwise brace).\r\nPlease, fix it or giv me write assecce to repository and I fix this bug.\r\nPS\r\nAt now no SVN access to https://mpfproj.svn. What heppen with server?",
      "PostedDate": "2008-11-24T08:43:43.343-08:00",
      "Id": -2147483648
    },
    {
      "Message": "Brace fixed.",
      "PostedDate": "2008-12-02T22:39:45.507-08:00",
      "Id": -2147483648
    },
    {
      "Message": "",
      "PostedDate": "2013-02-13T15:30:03.1-08:00",
      "Id": -2147483648
    },
    {
      "Message": "",
      "PostedDate": "2013-05-15T19:28:56.22-07:00",
      "Id": -2147483648
    }
  ]
}