{
  "WorkItem": {
    "AffectedComponent": {
      "Name": "",
      "DisplayName": ""
    },
    "ClosedComment": "",
    "ClosedDate": null,
    "CommentCount": 0,
    "Custom": null,
    "Description": "Problem Description: \nThe NestedProjectNode.SetDocCookieOnNestedHier method attempts to set the VSHPROPID_ItemDocCookie property on the nested project. It does this without checking the return value. In the NestedProject sample project, a C# project is used as the nested project.\n \nThe call to SetProperty always fails and returns E_NOTIMPL. However, since the calling code doesn't check the return value, it continues as though everything worked fine.\n \nThis sample does not illustrate why one would want to set VSHPROPID_ItemDocCookie. It would seem like this is an optional action, since it never actually works in the case of the sample.\n \nEither it's not useful at all to set this property, or it is required and the sample doesn't show how to deal with the error case.\n \n \nRepro Steps:\nInstall VS 2005 SDK 4.0 (Feb. 2007 release).\n \nOpen the NestedProjectNode.cs file from <SDK install folder>\\2007.02\\VisualStudioIntegration\\Common\\Source\\CSharp\\Project\\NestedProjectNode.cs\n \nModify SetDocCookieOnNestedHier from this:\n \nprivate void SetDocCookieOnNestedHier(uint itemDocCookie)\n{\nobject docCookie = (int)itemDocCookie;\nthis.nestedHierarchy.SetProperty(VSConstants.VSITEMID_ROOT, (int)__VSHPROPID.VSHPROPID_ItemDocCookie, docCookie);\n}\n \n \nto this:\n \nprivate void SetDocCookieOnNestedHier(uint itemDocCookie)\n{\nobject docCookie = (int)itemDocCookie;\nErrorHandler.ThrowOnFailure(this.nestedHierarchy.SetProperty(VSConstants.VSITEMID_ROOT, (int)__VSHPROPID.VSHPROPID_ItemDocCookie, docCookie));\n}\n \nOpen the NestedProject sample, build it, run it, and create a nested project in the experimental IDE.\n \nActual Results:\nWhen instantiating the nested project, the IDE reports that the method is not implemented.\n \nExpected Results:\nThe nested project type is instantiated correctly.",
    "LastUpdatedDate": "2013-02-13T15:30:04.627-08:00",
    "PlannedForRelease": "",
    "ReleaseVisibleToPublic": false,
    "Priority": {
      "Name": "Low",
      "Severity": 50,
      "Id": 1
    },
    "ProjectName": "mpfproj",
    "ReportedDate": "2008-08-26T09:00:49.403-07:00",
    "Status": {
      "Name": "Proposed",
      "Id": 1
    },
    "ReasonClosed": {
      "Name": "Unassigned"
    },
    "Summary": "Nested project sample incorrectly handled VSHPROPID_ItemDocCookie",
    "Type": {
      "Name": "Issue",
      "Id": 3
    },
    "VoteCount": 1,
    "Id": 11099
  },
  "FileAttachments": [],
  "Comments": [
    {
      "Message": "the requested method is implemented in line 2640 of HierarchyNode.cs\r\n\r\n\t\tpublic virtual int SetProperty(uint itemId, int propid, object value)\r\n\t\t{\r\n\t\t\tHierarchyNode n = this.projectMgr.NodeFromItemId(itemId);\r\n\t\t\tif (n != null)\r\n\t\t\t{\r\n\t\t\t\treturn n.SetProperty(propid, value);\r\n\t\t\t}\r\n\t\t\telse\r\n\t\t\t{\r\n\t\t\t\treturn VSConstants.DISP_E_MEMBERNOTFOUND;\r\n\t\t\t}\r\n\t\t}\r\n",
      "PostedDate": "2008-10-06T16:40:12.947-07:00",
      "Id": -2147483648
    },
    {
      "Message": "",
      "PostedDate": "2013-02-13T15:30:04.627-08:00",
      "Id": -2147483648
    }
  ]
}