{
  "WorkItem": {
    "AffectedComponent": {
      "Name": "",
      "DisplayName": ""
    },
    "ClosedComment": "",
    "ClosedDate": null,
    "CommentCount": 0,
    "Custom": null,
    "Description": "Building this set of source files with code analysis turned on causes a hard error whose message says:\nError\t13\tCA0001 : Rule=Microsoft.Naming#CA1725, Target=Microsoft.VisualStudio.Project.Automation.OAReferenceBase`1.#get_Extender(System.String) : Object reference not set to an instance of an object.\tMPFProj\n \nSuppressing the rule in source or in the global suppressions file does _not_ work around this error, but turning off this error in the Code Analysis settings for the project does.\n \nPlease modify the source to avoid triggering the rule.  I will also post this to the FxCop forums so they can address the problem with rule 1725.",
    "LastUpdatedDate": "2013-02-13T15:30:03.277-08:00",
    "PlannedForRelease": "",
    "ReleaseVisibleToPublic": false,
    "Priority": {
      "Name": "Low",
      "Severity": 50,
      "Id": 1
    },
    "ProjectName": "mpfproj",
    "ReportedDate": "2008-10-22T17:26:12.997-07:00",
    "Status": {
      "Name": "Proposed",
      "Id": 1
    },
    "ReasonClosed": {
      "Name": "Unassigned"
    },
    "Summary": "Building source causes hard error CA0001 -- exception thrown by FxCop",
    "Type": {
      "Name": "Issue",
      "Id": 3
    },
    "VoteCount": 3,
    "Id": 11507
  },
  "FileAttachments": [],
  "Comments": [
    {
      "Message": "Impact = Low is wrong: For us it's a showstopper. Turning off the error in the Code Analysis section for the project helps when you do Run Code Analysis from within Visual Studio, but not when you use msbuild.",
      "PostedDate": "2009-09-28T08:26:13.543-07:00",
      "Id": -2147483648
    },
    {
      "Message": "It seems to me this is an issue with FxCop rather than with MPFProj...?",
      "PostedDate": "2009-09-28T08:27:49.29-07:00",
      "Id": -2147483648
    },
    {
      "Message": "",
      "PostedDate": "2009-11-17T13:28:16.497-08:00",
      "Id": -2147483648
    },
    {
      "Message": "",
      "PostedDate": "2013-02-13T15:30:03.277-08:00",
      "Id": -2147483648
    }
  ]
}