{
  "WorkItem": {
    "AffectedComponent": {
      "Name": "",
      "DisplayName": ""
    },
    "ClosedComment": "",
    "ClosedDate": null,
    "CommentCount": 0,
    "Custom": null,
    "Description": "To repro, you have to do the following:\n1. You create a solution, with a standard c# class library.\n2. You add a custom project to the solution that is based on MPF.\n3. Go to \"Class1\" class of the class library.\n4. Select \"Create Unit Tests...\" from the context menu of the class.\nThe window will be empty, and you cannot select Class1. If you unload the MPF-based project, the wizard works again.",
    "LastUpdatedDate": "2013-02-13T15:30:02.737-08:00",
    "PlannedForRelease": "",
    "ReleaseVisibleToPublic": false,
    "Priority": {
      "Name": "Low",
      "Severity": 50,
      "Id": 1
    },
    "ProjectName": "mpfproj",
    "ReportedDate": "2008-12-04T06:31:36.737-08:00",
    "Status": {
      "Name": "Proposed",
      "Id": 1
    },
    "ReasonClosed": {
      "Name": "Unassigned"
    },
    "Summary": "MPF projects in the solution block \"Create Unit Tests\" wizard",
    "Type": {
      "Name": "Issue",
      "Id": 3
    },
    "VoteCount": 1,
    "Id": 11866
  },
  "FileAttachments": [
    {
      "FileId": 1525,
      "FileName": "mpfproj-24911-9.0.zip",
      "DownloadUrl": ".\\1525"
    }
  ],
  "Comments": [
    {
      "Message": "It seems that the problem is, that VS gets the OUTPUTLOC property from the Microsoft.VisualStudio.Project.Output class of the MPF-based project (get_Property). As this property is not supported, the method throws a NotImplementedException, but the wizard does not catch the exceptions by project so the entire wizard is disabled.\r\n\r\nI have fixed it for myself by returning the output assembly path for this property:\r\nif (string.Equals(szProperty, \"OUTPUTLOC\", StringComparison.OrdinalIgnoreCase))\r\n{\r\n    value = output.GetMetadata(ProjectFileConstants.Include);\r\n}\r\n\r\nIt could be also fixed in the ProjectElement class as well, but this is rather related to the IVsOutput2 interface, so it is better here IMHO. I did not find any documentation for OUTPUTLOC anyway...\r\n\r\nIt is very good that MPF came to codeplex. I would be happy to contribute as well.",
      "PostedDate": "2008-12-04T06:41:42.69-08:00",
      "Id": -2147483648
    },
    {
      "Message": "Here is my fix for the problem. The change is in the Output.cs and I have extended the unit test environment as well to be able to test this.",
      "PostedDate": "2008-12-04T22:58:35.75-08:00",
      "Id": -2147483648
    },
    {
      "Message": "",
      "PostedDate": "2008-12-04T22:58:40.453-08:00",
      "Id": -2147483648
    },
    {
      "Message": "",
      "PostedDate": "2013-02-13T15:30:02.737-08:00",
      "Id": -2147483648
    }
  ]
}