{
  "WorkItem": {
    "AffectedComponent": {
      "Name": "",
      "DisplayName": ""
    },
    "ClosedComment": "",
    "ClosedDate": null,
    "CommentCount": 0,
    "Custom": null,
    "Description": "The MPF should support the ability to \"Add as Link\" when adding files to a project, just like C# projects do. The Wix Votive project already modified the MPF to do this, and I would be happy to merge in the changes if this is assigned to me.",
    "LastUpdatedDate": "2013-02-13T15:30:01.53-08:00",
    "PlannedForRelease": "",
    "ReleaseVisibleToPublic": false,
    "Priority": {
      "Name": "Low",
      "Severity": 50,
      "Id": 1
    },
    "ProjectName": "mpfproj",
    "ReportedDate": "2010-02-03T14:36:11.533-08:00",
    "Status": {
      "Name": "Proposed",
      "Id": 1
    },
    "ReasonClosed": {
      "Name": "Unassigned"
    },
    "Summary": "Enhancement Request: Support \"Add File as Link\" functionality",
    "Type": {
      "Name": "Issue",
      "Id": 3
    },
    "VoteCount": 2,
    "Id": 16236
  },
  "FileAttachments": [],
  "Comments": [
    {
      "Message": "I have changes ready to merge for this enhancement. Moderators, please let me know how I can contribute these changes for review.",
      "PostedDate": "2010-02-08T13:45:38.057-08:00",
      "Id": -2147483648
    },
    {
      "Message": "",
      "PostedDate": "2010-12-03T09:36:57.203-08:00",
      "Id": -2147483648
    },
    {
      "Message": "",
      "PostedDate": "2013-02-13T15:30:01.53-08:00",
      "Id": -2147483648
    }
  ]
}