{
  "WorkItem": {
    "AffectedComponent": {
      "Name": "",
      "DisplayName": ""
    },
    "ClosedComment": "",
    "ClosedDate": null,
    "CommentCount": 0,
    "Custom": null,
    "Description": "When you add existing objects using an MPF project all files open.  VS is supposed to open just 20 files and then leave the rest unopened even though they're added to the project.  See the code below for dlgopen.cpp where the first OPEN_LIMIT number of items are added using AddItem and the rest added AddItemWithSpecific where the factory is NULL.  Also below is the ProjectNode.cs source which interprets Guid.Empty as an OpenItem call rather then skipping the open entirely.",
    "LastUpdatedDate": "2013-02-13T15:30:06.263-08:00",
    "PlannedForRelease": "",
    "ReleaseVisibleToPublic": false,
    "Priority": {
      "Name": "Low",
      "Severity": 50,
      "Id": 1
    },
    "ProjectName": "mpfproj",
    "ReportedDate": "2008-07-18T13:36:41.097-07:00",
    "Status": {
      "Name": "Active",
      "Id": 2
    },
    "ReasonClosed": {
      "Name": "Unassigned"
    },
    "Summary": "When adding existing items not all should open",
    "Type": {
      "Name": "Issue",
      "Id": 3
    },
    "VoteCount": 1,
    "Id": 10663
  },
  "FileAttachments": [],
  "Comments": []
}